customer_id,customer_name,email,registration_date,age,city,total_purchases,total_spent,last_purchase_date,is_active
1,Customer_0001,customer_0001@example.com,2023-11-24,56.0,Chicago,42,2079.03,2023-10-06,True
2,Customer_0002,customer_0002@example.com,2023-02-27,69.0,Phoenix,14,4207.02,2023-04-26,True
3,Customer_0003,customer_0003@example.com,2023-01-13,46.0,Los Angeles,11,1949.97,2023-11-28,False
4,Customer_0004,customer_0004@example.com,2023-05-21,32.0,New York,18,2880.77,2023-03-18,False
5,Customer_0005,customer_0005@example.com,2023-05-06,60.0,Chicago,12,2959.46,2023-05-17,False
6,Customer_0006,customer_0006@example.com,2023-04-25,25.0,Chicago,23,963.16,2023-03-14,False
7,Customer_0007,customer_0007@example.com,2023-03-13,78.0,New York,12,1843.07,2023-02-06,True
8,Customer_0008,customer_0008@example.com,2023-02-22,38.0,Phoenix,13,1705.83,2023-01-31,False
9,Customer_0009,customer_0009@example.com,2023-12-13,56.0,New York,25,179.67,2023-03-26,True
10,Customer_0010,customer_0010@example.com,2023-10-07,75.0,Los Angeles,45,169.75,2023-06-07,True
11,Customer_0011,customer_0011@example.com,2023-02-14,36.0,New York,19,4166.9,2023-11-01,True
12,Customer_0012,customer_0012@example.com,2023-10-30,40.0,Chicago,46,1401.7,2023-10-19,False
13,Customer_0013,customer_0013@example.com,2023-08-05,28.0,New York,36,2614.49,2023-05-28,False
14,Customer_0014,customer_0014@example.com,2023-01-17,28.0,Phoenix,45,1528.69,2023-08-13,True
15,Customer_0015,customer_0015@example.com,2023-01-16,41.0,Houston,8,4706.36,2023-03-05,True
16,Customer_0016,customer_0016@example.com,2023-02-17,70.0,New York,29,1333.52,2023-08-28,False
17,Customer_0017,customer_0017@example.com,2023-04-22,53.0,Phoenix,32,2176.8,2023-12-19,True
18,Customer_0018,customer_0018@example.com,2023-04-30,57.0,Phoenix,44,4370.01,2023-06-05,False
19,Customer_0019,customer_0019@example.com,2023-09-16,41.0,Chicago,18,4217.57,2023-12-25,False
20,Customer_0020,customer_0020@example.com,2023-11-05,20.0,Phoenix,6,971.2,2023-07-26,True
21,Customer_0021,customer_0021@example.com,2023-01-14,39.0,Phoenix,18,4023.08,2023-05-20,True
22,Customer_0022,customer_0022@example.com,2023-10-15,70.0,Phoenix,19,2318.03,2023-09-14,False
23,Customer_0023,customer_0023@example.com,2023-04-12,19.0,Phoenix,22,2440.7,2023-10-04,False
24,Customer_0024,customer_0024@example.com,2023-11-29,41.0,Los Angeles,37,710.73,2023-09-10,True
25,Customer_0025,customer_0025@example.com,2023-12-26,61.0,Los Angeles,32,448.98,2023-08-13,False
26,Customer_0026,customer_0026@example.com,2023-10-07,47.0,Chicago,41,3653.3,2023-02-11,True
27,Customer_0027,customer_0027@example.com,2023-08-03,55.0,New York,3,2507.48,2023-11-03,True
28,Customer_0028,customer_0028@example.com,2023-04-23,19.0,Phoenix,28,2212.41,2023-01-21,False
29,Customer_0029,customer_0029@example.com,2023-08-18,77.0,New York,10,3661.07,2023-08-10,False
30,Customer_0030,customer_0030@example.com,2023-10-29,38.0,New York,35,3839.29,2023-06-15,True
31,Customer_0031,customer_0031@example.com,2023-05-23,50.0,Chicago,29,836.6,2023-11-06,False
32,Customer_0032,customer_0032@example.com,2023-01-04,,Phoenix,15,3070.61,2023-05-09,True
33,Customer_0033,customer_0033@example.com,2023-03-23,75.0,Phoenix,33,720.0,2023-01-14,True
34,Customer_0034,customer_0034@example.com,2023-12-24,39.0,Houston,7,3769.31,2023-02-16,True
35,Customer_0035,customer_0035@example.com,2023-08-05,78.0,New York,12,3301.93,2023-04-28,False
36,Customer_0036,customer_0036@example.com,2023-06-24,61.0,New York,49,4785.24,2023-12-12,True
37,Customer_0037,customer_0037@example.com,2023-05-23,42.0,Los Angeles,30,391.34,2023-10-22,True
38,Customer_0038,customer_0038@example.com,2023-03-21,66.0,Houston,21,332.42,2023-10-28,True
39,Customer_0039,customer_0039@example.com,2023-04-21,44.0,Los Angeles,31,1446.83,2023-01-11,False
40,Customer_0040,customer_0040@example.com,2023-06-22,76.0,Los Angeles,24,1345.44,2023-12-11,True
41,Customer_0041,customer_0041@example.com,2023-02-22,59.0,Los Angeles,20,1272.55,2023-05-18,False
42,Customer_0042,customer_0042@example.com,2023-02-17,45.0,Chicago,37,4535.96,2023-10-23,True
43,Customer_0043,customer_0043@example.com,2023-07-14,77.0,Chicago,4,1285.25,2023-01-21,True
44,Customer_0044,customer_0044@example.com,2023-02-19,33.0,Los Angeles,28,1396.15,2023-03-31,True
45,Customer_0045,customer_0045@example.com,2023-07-03,32.0,Houston,44,3809.02,2023-08-29,False
46,Customer_0046,customer_0046@example.com,2023-06-26,79.0,New York,20,2276.21,2023-09-23,False
47,Customer_0047,customer_0047@example.com,2023-11-06,,Houston,24,3894.72,2023-11-30,True
48,Customer_0048,customer_0048@example.com,2023-05-16,64.0,Phoenix,49,373.56,2023-08-15,True
49,Customer_0049,customer_0049@example.com,2023-01-23,79.0,Chicago,32,2463.48,2023-05-23,True
50,Customer_0050,customer_0050@example.com,2023-08-24,68.0,New York,41,216.39,2023-04-03,True
51,Customer_0051,customer_0051@example.com,2023-10-02,61.0,New York,36,360.13,2023-10-27,True
52,Customer_0052,customer_0052@example.com,2023-03-05,72.0,Phoenix,34,4536.87,2023-08-12,True
53,Customer_0053,customer_0053@example.com,2023-07-13,69.0,Phoenix,36,739.26,2023-11-22,True
54,Customer_0054,customer_0054@example.com,2023-02-10,74.0,Los Angeles,2,2685.48,2023-09-09,True
55,Customer_0055,customer_0055@example.com,2023-10-10,20.0,Chicago,15,2084.92,2023-02-16,True
56,Customer_0056,customer_0056@example.com,2023-05-31,54.0,Chicago,34,1769.35,2023-08-29,False
57,Customer_0057,customer_0057@example.com,2023-11-18,68.0,Houston,36,4504.18,2023-06-28,True
58,Customer_0058,customer_0058@example.com,2023-11-13,24.0,Los Angeles,6,158.03,2023-07-29,True
59,Customer_0059,customer_0059@example.com,2023-07-05,38.0,Los Angeles,39,3335.76,2023-06-20,False
60,Customer_0060,customer_0060@example.com,2023-10-23,26.0,Los Angeles,42,4818.8,2023-06-14,True
61,Customer_0061,customer_0061@example.com,2023-04-09,,Los Angeles,12,2822.83,2023-12-10,True
62,Customer_0062,customer_0062@example.com,2023-12-27,35.0,Chicago,3,4687.27,2023-02-23,True
63,Customer_0063,customer_0063@example.com,2023-02-05,21.0,Chicago,45,308.68,2023-03-24,True
64,Customer_0064,customer_0064@example.com,2023-01-24,42.0,Los Angeles,18,2123.03,2023-06-18,True
65,Customer_0065,customer_0065@example.com,2023-12-05,77.0,Houston,40,1337.78,2023-07-30,True
66,Customer_0066,customer_0066@example.com,2023-04-27,31.0,New York,21,3667.56,2023-12-22,False
67,Customer_0067,customer_0067@example.com,2023-05-29,67.0,New York,15,4907.42,2023-09-11,True
68,Customer_0068,customer_0068@example.com,2023-02-10,75.0,Houston,33,1319.82,2023-05-28,True
69,Customer_0069,customer_0069@example.com,2023-04-30,26.0,Los Angeles,35,3288.16,2023-12-06,True
70,Customer_0070,customer_0070@example.com,2023-02-21,43.0,Chicago,26,1030.58,2023-07-25,True
71,Customer_0071,customer_0071@example.com,2023-07-14,70.0,New York,8,2848.38,2023-10-09,True
72,Customer_0072,customer_0072@example.com,2023-05-23,19.0,Phoenix,36,2346.47,2023-01-19,False
73,Customer_0073,customer_0073@example.com,2023-08-21,37.0,Phoenix,48,4861.43,2023-08-21,True
74,Customer_0074,customer_0074@example.com,2023-11-22,45.0,Houston,30,3062.21,2023-02-15,True
75,Customer_0075,customer_0075@example.com,2023-07-06,64.0,Los Angeles,23,1780.06,2023-06-11,True
76,Customer_0076,customer_0076@example.com,2023-03-25,77.0,New York,42,614.77,2023-05-10,True
77,Customer_0077,customer_0077@example.com,2023-07-09,24.0,Los Angeles,44,798.67,2023-06-15,False
78,Customer_0078,customer_0078@example.com,2023-07-01,61.0,New York,14,1165.32,2023-03-01,True
79,Customer_0079,customer_0079@example.com,2023-04-18,78.0,Houston,14,1292.28,2023-07-26,True
80,Customer_0080,customer_0080@example.com,2023-12-10,25.0,Houston,2,4260.55,2023-09-21,True
81,Customer_0081,customer_0081@example.com,2023-05-17,64.0,Phoenix,37,2828.05,2023-01-01,False
82,Customer_0082,customer_0082@example.com,2023-12-26,52.0,Los Angeles,5,2640.79,2023-12-03,True
83,Customer_0083,customer_0083@example.com,2023-12-16,31.0,Phoenix,38,618.11,2023-10-05,True
84,Customer_0084,customer_0084@example.com,2023-11-28,34.0,Los Angeles,45,4307.69,2023-08-25,False
85,Customer_0085,customer_0085@example.com,2023-02-06,53.0,Phoenix,41,3627.93,2023-07-31,False
86,  Customer_0086  ,customer_0086@example.com,2023-11-08,67.0,Chicago,47,384.96,2023-01-28,True
87,Customer_0087,customer_0087@example.com,2023-11-22,57.0,Chicago,14,3553.78,2023-04-07,True
88,Customer_0088,customer_0088@example.com,2023-03-29,21.0,Chicago,39,2740.51,2023-09-23,True
89,Customer_0089,customer_0089@example.com,2023-10-01,19.0,Chicago,25,454.54,2023-07-05,True
90,Customer_0090,customer_0090@example.com,2023-05-06,79.0,New York,20,2318.59,2023-11-15,True
91,Customer_0091,customer_0091@example.com,2023-03-25,23.0,Chicago,2,2449.25,2023-09-13,True
92,Customer_0092,customer_0092@example.com,2023-08-25,71.0,Houston,39,870.58,2023-11-17,True
93,Customer_0093,customer_0093@example.com,2023-07-14,59.0,Houston,6,4731.21,2023-08-15,True
94,Customer_0094,customer_0094@example.com,2023-05-19,21.0,New York,17,4257.38,2023-01-27,True
95,Customer_0095,customer_0095@example.com,2023-11-24,71.0,Chicago,25,3361.66,2023-04-15,False
96,Customer_0096,customer_0096@example.com,2023-12-19,46.0,Chicago,28,2338.36,2023-05-17,True
97,Customer_0097,customer_0097@example.com,2023-10-13,,Chicago,2,2088.24,2023-10-09,True
98,Customer_0098,customer_0098@example.com,2023-04-23,43.0,Phoenix,35,3272.32,2023-03-09,True
99,Customer_0099,customer_0099@example.com,2023-12-17,61.0,Los Angeles,37,2749.89,2023-05-28,False
100,Customer_0100,customer_0100@example.com,2023-06-16,,Phoenix,5,358.25,2023-08-13,True
101,Customer_0101,customer_0101@example.com,2023-01-29,27.0,Los Angeles,1,2586.89,2023-12-24,True
102,Customer_0102,customer_0102@example.com,2023-04-28,79.0,Chicago,40,4041.7,2023-09-06,True
103,Customer_0103,customer_0103@example.com,2023-01-17,53.0,Chicago,12,2323.24,2023-03-04,True
104,Customer_0104,customer_0104@example.com,2023-06-11,31.0,Phoenix,36,307.19,2023-01-15,True
105,Customer_0105,customer_0105@example.com,2023-07-25,48.0,Phoenix,45,3942.08,2023-11-19,True
106,Customer_0106,customer_0106@example.com,2023-05-18,65.0,Los Angeles,23,1046.75,2023-11-08,True
107,Customer_0107,customer_0107@example.com,2023-02-03,32.0,Houston,47,1330.17,2023-05-03,False
108,Customer_0108,customer_0108@example.com,2023-04-19,25.0,Los Angeles,31,865.3,2023-12-30,True
109,Customer_0109,customer_0109@example.com,2023-10-18,31.0,Phoenix,11,1684.56,2023-03-23,True
110,Customer_0110,customer_0110@example.com,2023-06-11,40.0,Phoenix,10,3795.92,2023-06-09,False
111,Customer_0111,customer_0111@example.com,2023-04-19,77.0,New York,3,2620.96,2023-10-10,True
112,Customer_0112,customer_0112@example.com,2023-12-02,74.0,Phoenix,14,1064.16,2023-01-08,True
113,Customer_0113,customer_0113@example.com,2023-09-13,79.0,New York,16,4395.26,2023-10-10,True
114,Customer_0114,customer_0114@example.com,2023-07-22,57.0,Houston,10,4403.93,2023-07-28,True
115,Customer_0115,customer_0115@example.com,2023-11-26,38.0,Los Angeles,29,4359.36,2023-02-17,False
116,Customer_0116,customer_0116@example.com,2023-08-23,33.0,Los Angeles,10,1232.04,2023-04-26,False
117,Customer_0117,customer_0117@example.com,2023-03-15,62.0,New York,12,2283.63,2023-02-28,True
118,Customer_0118,customer_0118@example.com,2023-05-16,35.0,Los Angeles,30,4925.7,2023-08-25,True
119,Customer_0119,customer_0119@example.com,2023-03-13,64.0,Phoenix,41,3871.46,2023-03-02,False
120,Customer_0120,customer_0120@example.com,2023-05-07,70.0,Chicago,1,184.48,2023-11-28,False
121,Customer_0121,customer_0121@example.com,2023-10-15,41.0,New York,5,372.76,2023-03-20,False
122,Customer_0122,customer_0122@example.com,2023-10-03,43.0,Los Angeles,20,2346.46,2023-09-13,True
123,Customer_0123,customer_0123@example.com,2023-05-15,42.0,New York,8,4550.64,2023-05-30,True
124,Customer_0124,customer_0124@example.com,2023-10-27,77.0,New York,43,2716.57,2023-09-18,False
125,Customer_0125,customer_0125@example.com,2023-08-08,77.0,Chicago,12,2514.17,2023-12-28,True
126,Customer_0126,customer_0126@example.com,2023-10-26,77.0,Phoenix,1,572.09,2023-05-20,True
127,Customer_0127,customer_0127@example.com,2023-07-24,62.0,New York,20,3301.06,2023-08-01,True
128,Customer_0128,customer_0128@example.com,2023-07-05,58.0,Los Angeles,28,4119.41,2023-09-05,True
129,Customer_0129,customer_0129@example.com,2023-04-23,46.0,Houston,43,1933.08,2023-08-30,True
130,Customer_0130,customer_0130@example.com,2023-03-12,32.0,New York,37,3889.28,2023-05-05,True
131,Customer_0131,customer_0131@example.com,2023-09-18,62.0,New York,47,4824.16,2023-08-22,False
132,Customer_0132,customer_0132@example.com,2023-09-10,18.0,Chicago,37,1058.64,2023-10-10,True
133,Customer_0133,customer_0133@example.com,2023-02-16,,Phoenix,12,2640.48,2023-03-16,False
134,Customer_0134,customer_0134@example.com,2023-01-25,24.0,Houston,37,1471.33,2023-07-16,True
135,Customer_0135,customer_0135@example.com,2023-02-26,26.0,Los Angeles,49,3974.63,2023-04-08,True
136,Customer_0136,customer_0136@example.com,2023-03-20,41.0,Houston,49,2909.09,2023-11-03,False
137,Customer_0137,customer_0137@example.com,2023-11-18,18.0,Los Angeles,44,3191.18,2023-09-18,True
138,Customer_0138,customer_0138@example.com,2023-03-23,61.0,Phoenix,28,3999.68,2023-03-11,True
139,Customer_0139,customer_0139@example.com,2023-12-15,25.0,Los Angeles,47,2010.05,2023-02-05,True
140,Customer_0140,customer_0140@example.com,2023-08-05,,Chicago,15,4579.7,2023-05-22,True
141,Customer_0141,customer_0141@example.com,2023-11-02,28.0,Chicago,6,2688.49,2023-08-01,False
142,Customer_0142,customer_0142@example.com,2023-02-02,68.0,Chicago,44,831.88,2023-06-24,False
143,Customer_0143,customer_0143@example.com,2023-07-17,34.0,Chicago,20,3494.7,2023-09-17,True
144,Customer_0144,customer_0144@example.com,2023-07-15,25.0,Houston,14,3976.64,2023-05-17,True
145,Customer_0145,customer_0145@example.com,2023-11-02,52.0,Phoenix,2,1617.97,2023-01-02,True
146,Customer_0146,customer_0146@example.com,2023-08-28,52.0,Los Angeles,9,4293.04,2023-05-25,False
147,Customer_0147,customer_0147@example.com,2023-09-28,50.0,Los Angeles,37,4535.41,2023-06-02,True
148,  Customer_0148  ,customer_0148@example.com,2023-05-09,76.0,Chicago,20,1420.68,2023-10-28,True
149,Customer_0149,customer_0149@example.com,2023-10-11,22.0,Chicago,26,4918.43,2023-10-24,True
150,Customer_0150,customer_0150@example.com,2023-01-06,59.0,New York,29,746.52,2023-12-04,True
151,Customer_0151,customer_0151@example.com,2023-12-15,56.0,Phoenix,1,1049.98,2023-09-08,True
152,Customer_0152,customer_0152@example.com,2023-02-28,75.0,Houston,35,961.91,2023-03-18,False
153,Customer_0153,customer_0153@example.com,2023-12-16,58.0,Los Angeles,6,4475.25,2023-08-17,True
154,Customer_0154,customer_0154@example.com,2023-10-02,45.0,New York,37,3288.75,2023-10-03,True
155,Customer_0155,customer_0155@example.com,2023-05-17,24.0,New York,5,802.92,2023-09-05,False
156,Customer_0156,customer_0156@example.com,2023-11-25,26.0,Los Angeles,33,2229.6,2023-06-26,False
157,Customer_0157,customer_0157@example.com,2023-06-24,25.0,Houston,49,3095.73,2023-06-20,True
158,Customer_0158,customer_0158@example.com,2023-02-27,29.0,New York,14,463.15,2023-10-10,True
159,Customer_0159,customer_0159@example.com,2023-05-31,51.0,New York,12,4417.96,2023-10-06,True
160,Customer_0160,customer_0160@example.com,2023-08-11,50.0,Phoenix,42,4027.84,2023-07-13,True
161,Customer_0161,customer_0161@example.com,2023-03-22,65.0,Houston,20,2550.77,2023-08-22,True
162,Customer_0162,customer_0162@example.com,2023-08-21,72.0,New York,24,4837.28,2023-06-14,True
163,Customer_0163,customer_0163@example.com,2023-01-02,40.0,Houston,43,2117.92,2023-04-07,True
164,Customer_0164,customer_0164@example.com,2023-05-15,79.0,Los Angeles,34,4921.35,2023-12-24,False
165,Customer_0165,customer_0165@example.com,2023-09-14,41.0,Chicago,25,3356.2,2023-05-03,True
166,Customer_0166,customer_0166@example.com,2023-04-02,54.0,New York,29,3191.62,2023-10-20,True
167,Customer_0167,customer_0167@example.com,2023-09-17,52.0,Phoenix,39,871.48,2023-07-16,True
168,Customer_0168,customer_0168@example.com,2023-02-24,61.0,Los Angeles,31,4415.54,2023-04-30,False
169,Customer_0169,customer_0169@example.com,2023-11-17,57.0,Houston,47,2166.07,2023-07-30,False
170,Customer_0170,customer_0170@example.com,2023-06-02,39.0,Los Angeles,43,853.06,2023-01-23,False
171,Customer_0171,customer_0171@example.com,2023-11-24,44.0,New York,23,112.41,2023-06-12,False
172,Customer_0172,customer_0172@example.com,2023-09-17,52.0,Houston,44,2820.79,2023-08-31,False
173,Customer_0173,customer_0173@example.com,2023-11-08,18.0,Chicago,38,2660.63,2023-12-28,True
174,Customer_0174,customer_0174@example.com,2023-04-12,52.0,Los Angeles,20,3610.8,2023-07-15,True
175,  Customer_0175  ,customer_0175@example.com,2023-03-20,54.0,New York,23,4456.78,2023-07-17,True
176,Customer_0176,customer_0176@example.com,2023-07-11,64.0,Phoenix,45,443.06,2023-12-06,False
177,Customer_0177,customer_0177@example.com,2023-03-24,31.0,Houston,16,3670.91,2023-11-30,False
178,Customer_0178,customer_0178@example.com,2023-10-04,20.0,Los Angeles,42,977.69,2023-03-19,True
179,Customer_0179,customer_0179@example.com,2023-09-29,18.0,Los Angeles,8,4297.98,2023-09-11,True
180,Customer_0180,customer_0180@example.com,2023-01-01,22.0,Chicago,21,4104.36,2023-01-19,True
181,Customer_0181,customer_0181@example.com,2023-11-03,43.0,Chicago,1,2726.93,2023-03-06,False
182,Customer_0182,customer_0182@example.com,2023-06-15,72.0,Phoenix,8,3565.7,2023-09-15,True
183,  Customer_0183  ,customer_0183@example.com,2023-09-08,31.0,Phoenix,29,1606.03,2023-10-30,True
184,Customer_0184,customer_0184@example.com,2023-01-10,,New York,32,2382.28,2023-06-19,True
185,Customer_0185,customer_0185@example.com,2023-02-27,44.0,New York,38,4117.1,2023-02-21,True
186,Customer_0186,customer_0186@example.com,2023-07-05,26.0,Phoenix,5,2323.36,2023-08-14,False
187,Customer_0187,customer_0187@example.com,2023-06-07,32.0,Phoenix,47,1821.1,2023-02-21,True
188,Customer_0188,customer_0188@example.com,2023-05-03,32.0,Houston,22,2496.35,2023-09-27,False
189,Customer_0189,customer_0189@example.com,2023-01-30,43.0,Chicago,47,4149.83,2023-08-22,True
190,Customer_0190,customer_0190@example.com,2023-05-04,59.0,New York,34,1709.28,2023-01-08,True
191,Customer_0191,customer_0191@example.com,2023-10-18,,Chicago,1,910.12,2023-03-15,True
192,Customer_0192,customer_0192@example.com,2023-02-10,30.0,Chicago,26,3574.47,2023-07-29,False
193,Customer_0193,customer_0193@example.com,2023-02-13,68.0,Phoenix,43,4138.59,2023-12-02,True
194,Customer_0194,customer_0194@example.com,2023-09-06,49.0,Houston,10,548.16,2023-03-21,True
195,Customer_0195,customer_0195@example.com,2023-02-05,56.0,Los Angeles,30,1237.38,2023-02-08,True
196,Customer_0196,customer_0196@example.com,2023-09-30,66.0,Houston,18,752.76,2023-08-29,False
197,Customer_0197,customer_0197@example.com,2023-03-06,69.0,Houston,17,1772.31,2023-05-16,True
198,Customer_0198,customer_0198@example.com,2023-03-07,78.0,Chicago,26,2279.24,2023-06-23,False
199,Customer_0199,customer_0199@example.com,2023-12-04,49.0,Houston,8,3756.69,2023-11-16,True
200,Customer_0200,customer_0200@example.com,2023-09-01,21.0,New York,47,3273.18,2023-12-21,True
201,Customer_0201,customer_0201@example.com,2023-10-09,47.0,Chicago,40,3123.6,2023-07-23,True
202,Customer_0202,customer_0202@example.com,2023-03-26,54.0,New York,49,1794.26,2023-11-29,True
203,Customer_0203,customer_0203@example.com,2023-05-16,40.0,Los Angeles,12,4215.17,2023-02-11,True
204,Customer_0204,customer_0204@example.com,2023-09-28,56.0,Chicago,27,2382.87,2023-06-18,True
205,Customer_0205,customer_0205@example.com,2023-11-07,62.0,Los Angeles,8,4896.57,2023-12-12,True
206,Customer_0206,customer_0206@example.com,2023-08-05,32.0,Chicago,25,3189.0,2023-10-01,False
207,Customer_0207,customer_0207@example.com,2023-04-19,60.0,Phoenix,46,675.01,2023-07-14,True
208,Customer_0208,customer_0208@example.com,2023-10-04,46.0,Houston,4,3397.08,2023-06-12,False
209,Customer_0209,customer_0209@example.com,2023-12-20,53.0,Phoenix,33,1659.26,2023-11-17,True
210,Customer_0210,customer_0210@example.com,2023-04-13,30.0,Los Angeles,1,3447.32,2023-09-07,True
211,Customer_0211,customer_0211@example.com,2023-06-09,49.0,Houston,19,394.72,2023-10-05,True
212,Customer_0212,customer_0212@example.com,2023-07-24,24.0,Chicago,31,915.66,2023-01-19,True
213,Customer_0213,customer_0213@example.com,2023-12-10,76.0,Houston,16,4285.9,2023-11-13,True
214,Customer_0214,customer_0214@example.com,2023-11-29,68.0,New York,14,1174.54,2023-02-05,True
215,Customer_0215,customer_0215@example.com,2023-07-11,39.0,Houston,48,4193.35,2023-05-01,True
216,Customer_0216,customer_0216@example.com,2023-08-13,45.0,New York,5,1432.42,2023-11-20,True
217,Customer_0217,customer_0217@example.com,2023-09-22,19.0,Houston,41,3232.27,2023-12-17,False
218,Customer_0218,customer_0218@example.com,2023-08-20,,New York,26,3486.05,2023-05-28,False
219,Customer_0219,customer_0219@example.com,2023-03-03,,Los Angeles,28,2587.64,2023-04-27,True
220,Customer_0220,customer_0220@example.com,2023-05-07,79.0,Phoenix,2,1561.29,2023-02-16,True
221,Customer_0221,customer_0221@example.com,2023-04-26,74.0,Chicago,6,1102.59,2023-08-11,True
222,Customer_0222,customer_0222@example.com,2023-02-02,70.0,Houston,9,214.29,2023-02-20,True
223,Customer_0223,customer_0223@example.com,2023-06-23,23.0,Phoenix,33,1554.53,2023-11-21,True
224,Customer_0224,customer_0224@example.com,2023-01-11,45.0,Chicago,41,3283.16,2023-12-27,True
225,Customer_0225,customer_0225@example.com,2023-10-29,45.0,Chicago,25,4694.61,2023-02-21,True
226,Customer_0226,customer_0226@example.com,2023-10-11,61.0,New York,48,4362.46,2023-08-16,True
227,Customer_0227,customer_0227@example.com,2023-04-28,61.0,Los Angeles,13,3842.02,2023-03-27,True
228,Customer_0228,customer_0228@example.com,2023-10-29,37.0,Los Angeles,9,3952.81,2023-12-22,False
229,Customer_0229,customer_0229@example.com,2023-04-23,47.0,Phoenix,13,3341.68,2023-06-03,False
230,Customer_0230,customer_0230@example.com,2023-01-04,79.0,Los Angeles,31,1338.42,2023-01-15,True
231,Customer_0231,customer_0231@example.com,2023-02-06,28.0,Houston,41,4540.62,2023-01-24,False
232,Customer_0232,customer_0232@example.com,2023-12-29,75.0,Los Angeles,11,3370.12,2023-06-16,False
233,Customer_0233,customer_0233@example.com,2023-11-20,72.0,Phoenix,4,2824.18,2023-01-29,True
234,Customer_0234,customer_0234@example.com,2023-01-31,45.0,Los Angeles,34,599.4,2023-05-31,True
235,Customer_0235,customer_0235@example.com,2023-04-28,42.0,Houston,38,2262.92,2023-07-03,True
236,Customer_0236,customer_0236@example.com,2023-02-04,56.0,New York,46,2328.77,2023-07-11,False
237,Customer_0237,customer_0237@example.com,2023-01-17,79.0,Phoenix,4,4329.59,2023-08-09,False
238,Customer_0238,customer_0238@example.com,2023-06-19,50.0,New York,38,2755.91,2023-03-16,True
239,Customer_0239,customer_0239@example.com,2023-02-06,18.0,New York,19,1932.98,2023-05-06,True
240,  Customer_0240  ,customer_0240@example.com,2023-09-21,74.0,New York,6,4885.16,2023-09-29,True
241,Customer_0241,customer_0241@example.com,2023-05-02,,Chicago,34,598.07,2023-07-30,True
242,Customer_0242,customer_0242@example.com,2023-05-23,,Chicago,18,2141.61,2023-10-17,True
243,Customer_0243,customer_0243@example.com,2023-12-09,74.0,New York,13,258.02,2023-12-16,False
244,Customer_0244,customer_0244@example.com,2023-09-06,69.0,Phoenix,41,3712.53,2023-04-03,True
245,Customer_0245,customer_0245@example.com,2023-04-20,30.0,Houston,23,4594.48,2023-03-29,False
246,Customer_0246,customer_0246@example.com,2023-10-04,58.0,Houston,19,1436.18,2023-03-31,False
247,Customer_0247,customer_0247@example.com,2023-03-09,20.0,Los Angeles,45,4298.79,2023-02-10,False
248,Customer_0248,customer_0248@example.com,2023-10-20,56.0,Phoenix,11,1496.48,2023-11-09,True
249,Customer_0249,customer_0249@example.com,2023-10-23,23.0,Chicago,1,4558.31,2023-07-15,True
250,Customer_0250,customer_0250@example.com,2023-08-31,25.0,New York,24,3782.11,2023-11-14,True
251,Customer_0251,customer_0251@example.com,2023-05-05,44.0,Los Angeles,7,4034.29,2023-12-16,True
252,Customer_0252,customer_0252@example.com,2023-08-31,,Houston,25,139.13,2023-05-04,True
253,Customer_0253,customer_0253@example.com,2023-07-28,79.0,Chicago,21,4815.91,2023-09-12,True
254,Customer_0254,customer_0254@example.com,2023-04-08,54.0,Chicago,15,3647.02,2023-10-26,True
255,Customer_0255,customer_0255@example.com,2023-02-18,50.0,New York,1,1558.52,2023-03-15,True
256,Customer_0256,customer_0256@example.com,2023-02-19,,Houston,12,4155.5,2023-04-29,True
257,Customer_0257,customer_0257@example.com,2023-12-04,59.0,Phoenix,7,1443.53,2023-08-25,True
258,Customer_0258,customer_0258@example.com,2023-08-09,61.0,Chicago,15,4370.13,2023-11-23,False
259,Customer_0259,customer_0259@example.com,2023-07-01,41.0,New York,21,607.27,2023-05-11,False
260,Customer_0260,customer_0260@example.com,2023-08-05,32.0,Phoenix,19,3533.25,2023-08-24,True
261,Customer_0261,customer_0261@example.com,2023-07-30,76.0,Houston,29,2726.46,2023-05-11,True
262,Customer_0262,customer_0262@example.com,2023-08-28,71.0,Chicago,25,527.85,2023-12-08,True
263,Customer_0263,customer_0263@example.com,2023-01-28,49.0,Phoenix,33,1247.37,2023-01-05,True
264,Customer_0264,customer_0264@example.com,2023-12-11,49.0,Phoenix,49,111.4,2023-08-27,True
265,Customer_0265,customer_0265@example.com,2023-12-01,41.0,Phoenix,32,2370.4,2023-05-28,False
266,Customer_0266,customer_0266@example.com,2023-11-27,58.0,Chicago,49,1541.26,2023-12-13,True
267,Customer_0267,customer_0267@example.com,2023-02-20,69.0,Chicago,35,3011.87,2023-10-07,True
268,Customer_0268,customer_0268@example.com,2023-02-01,66.0,Los Angeles,44,1521.33,2023-03-22,True
269,Customer_0269,customer_0269@example.com,2023-07-26,79.0,Houston,38,1534.6,2023-02-07,True
270,Customer_0270,customer_0270@example.com,2023-06-23,66.0,New York,26,3728.81,2023-08-15,True
271,Customer_0271,customer_0271@example.com,2023-02-25,75.0,Phoenix,11,288.31,2023-06-26,True
272,Customer_0272,customer_0272@example.com,2023-05-08,,Los Angeles,35,4519.33,2023-10-28,True
273,Customer_0273,customer_0273@example.com,2023-04-09,29.0,New York,8,4268.71,2023-06-03,True
274,Customer_0274,customer_0274@example.com,2023-04-08,79.0,Los Angeles,46,3355.63,2023-11-24,True
275,Customer_0275,customer_0275@example.com,2023-10-02,56.0,Chicago,14,2986.45,2023-08-06,True
276,Customer_0276,customer_0276@example.com,2023-08-18,19.0,Phoenix,10,4466.9,2023-12-20,True
277,Customer_0277,customer_0277@example.com,2023-03-13,20.0,New York,2,967.38,2023-05-09,False
278,Customer_0278,customer_0278@example.com,2023-08-05,66.0,New York,46,440.9,2023-08-22,True
279,Customer_0279,customer_0279@example.com,2023-04-04,54.0,New York,9,1235.58,2023-06-04,True
280,  Customer_0280  ,customer_0280@example.com,2023-05-23,66.0,New York,3,3983.16,2023-04-12,True
281,Customer_0281,customer_0281@example.com,2023-08-25,73.0,New York,21,221.62,2023-07-16,True
282,Customer_0282,customer_0282@example.com,2023-05-08,34.0,Los Angeles,26,2934.89,2023-09-05,True
283,Customer_0283,customer_0283@example.com,2023-02-08,76.0,Phoenix,8,4977.42,2023-02-24,True
284,Customer_0284,customer_0284@example.com,2023-08-15,66.0,Chicago,48,4285.7,2023-05-02,False
285,Customer_0285,customer_0285@example.com,2023-10-09,19.0,Chicago,2,2631.16,2023-07-15,True
286,Customer_0286,customer_0286@example.com,2023-02-20,19.0,Chicago,6,365.02,2023-10-20,True
287,Customer_0287,customer_0287@example.com,2023-01-26,45.0,Chicago,28,4165.3,2023-07-03,True
288,Customer_0288,customer_0288@example.com,2023-11-30,71.0,Los Angeles,29,3014.94,2023-10-22,False
289,Customer_0289,customer_0289@example.com,2023-10-04,40.0,Houston,26,618.92,2023-06-01,True
290,Customer_0290,customer_0290@example.com,2023-01-08,54.0,Phoenix,25,514.59,2023-12-25,True
291,Customer_0291,customer_0291@example.com,2023-02-17,49.0,New York,12,4552.65,2023-06-01,True
292,Customer_0292,customer_0292@example.com,2023-05-02,50.0,Houston,5,3362.54,2023-01-12,True
293,Customer_0293,customer_0293@example.com,2023-03-27,18.0,Chicago,34,4154.97,2023-12-04,True
294,Customer_0294,customer_0294@example.com,2023-07-28,36.0,Houston,48,4400.95,2023-07-22,True
295,Customer_0295,customer_0295@example.com,2023-09-06,79.0,Phoenix,37,2880.27,2023-05-21,True
296,Customer_0296,customer_0296@example.com,2023-09-04,19.0,New York,15,2611.36,2023-01-05,True
297,Customer_0297,customer_0297@example.com,2023-04-20,70.0,New York,44,2180.62,2023-10-17,True
298,Customer_0298,customer_0298@example.com,2023-07-25,61.0,Phoenix,36,1618.89,2023-12-18,True
299,Customer_0299,customer_0299@example.com,2023-01-31,43.0,Phoenix,15,2201.25,2023-01-26,False
300,Customer_0300,customer_0300@example.com,2023-03-26,49.0,Chicago,43,3880.7,2023-11-07,True
301,Customer_0301,customer_0301@example.com,2023-07-14,23.0,New York,48,3029.52,2023-09-12,True
302,Customer_0302,customer_0302@example.com,2023-01-02,49.0,Houston,23,4467.99,2023-05-27,True
303,Customer_0303,customer_0303@example.com,2023-07-19,72.0,Los Angeles,6,2244.73,2023-04-28,True
304,Customer_0304,customer_0304@example.com,2023-05-16,21.0,Los Angeles,46,3055.09,2023-11-07,False
305,Customer_0305,customer_0305@example.com,2023-08-21,72.0,Phoenix,44,3174.97,2023-06-30,True
306,Customer_0306,customer_0306@example.com,2023-05-27,28.0,Chicago,43,2978.9,2023-04-23,True
307,Customer_0307,customer_0307@example.com,2023-08-05,73.0,Los Angeles,45,3528.04,2023-11-22,True
308,Customer_0308,customer_0308@example.com,2023-12-23,76.0,New York,21,1225.3,2023-04-08,True
309,Customer_0309,customer_0309@example.com,2023-10-12,34.0,Phoenix,23,2586.2,2023-11-14,True
310,Customer_0310,customer_0310@example.com,2023-12-05,55.0,Houston,43,565.91,2023-05-09,True
311,Customer_0311,customer_0311@example.com,2023-09-07,41.0,Phoenix,16,1953.33,2023-12-14,True
312,Customer_0312,customer_0312@example.com,2023-03-21,22.0,Houston,47,2463.95,2023-12-04,False
313,Customer_0313,customer_0313@example.com,2023-04-08,69.0,Phoenix,15,3278.51,2023-12-15,True
314,Customer_0314,customer_0314@example.com,2023-06-01,51.0,Phoenix,25,4755.13,2023-03-12,False
315,Customer_0315,customer_0315@example.com,2023-04-22,23.0,Phoenix,36,3023.22,2023-11-18,False
316,Customer_0316,customer_0316@example.com,2023-01-30,39.0,Houston,11,3730.79,2023-02-19,False
317,Customer_0317,customer_0317@example.com,2023-10-24,28.0,Houston,15,2556.02,2023-11-18,True
318,Customer_0318,customer_0318@example.com,2023-10-05,65.0,Phoenix,4,3188.81,2023-11-27,True
319,Customer_0319,customer_0319@example.com,2023-02-01,33.0,Los Angeles,21,401.11,2023-01-21,False
320,Customer_0320,customer_0320@example.com,2023-06-10,50.0,Chicago,13,1309.24,2023-06-08,True
321,Customer_0321,customer_0321@example.com,2023-01-30,26.0,Chicago,22,1841.17,2023-08-14,True
322,Customer_0322,customer_0322@example.com,2023-01-26,77.0,Chicago,19,2388.84,2023-01-18,False
323,Customer_0323,customer_0323@example.com,2023-10-27,76.0,Houston,34,275.96,2023-10-24,False
324,Customer_0324,customer_0324@example.com,2023-09-02,23.0,Houston,14,743.12,2023-07-06,True
325,Customer_0325,customer_0325@example.com,2023-09-15,33.0,Los Angeles,4,1420.23,2023-03-09,True
326,Customer_0326,customer_0326@example.com,2023-09-29,46.0,Chicago,48,4859.09,2023-02-16,True
327,Customer_0327,customer_0327@example.com,2023-03-22,20.0,Chicago,46,1690.17,2023-06-01,False
328,Customer_0328,customer_0328@example.com,2023-01-30,37.0,Phoenix,27,2436.1,2023-06-17,False
329,Customer_0329,customer_0329@example.com,2023-09-18,77.0,Houston,29,1020.68,2023-08-01,True
330,Customer_0330,customer_0330@example.com,2023-02-11,76.0,Chicago,47,3073.36,2023-03-31,True
331,Customer_0331,customer_0331@example.com,2023-04-06,53.0,Los Angeles,28,1439.38,2023-04-13,False
332,Customer_0332,customer_0332@example.com,2023-02-05,36.0,Los Angeles,35,1074.61,2023-03-09,True
333,Customer_0333,customer_0333@example.com,2023-11-01,43.0,Chicago,8,2607.03,2023-10-04,True
334,Customer_0334,customer_0334@example.com,2023-02-04,20.0,Houston,16,77.25,2023-07-07,False
335,Customer_0335,customer_0335@example.com,2023-12-12,36.0,Los Angeles,42,87.94,2023-09-29,True
336,Customer_0336,customer_0336@example.com,2023-05-01,37.0,Phoenix,36,1134.39,2023-09-14,True
337,Customer_0337,customer_0337@example.com,2023-07-26,49.0,Los Angeles,30,231.77,2023-05-20,True
338,Customer_0338,customer_0338@example.com,2023-03-03,24.0,New York,18,584.73,2023-03-26,True
339,Customer_0339,customer_0339@example.com,2023-10-19,69.0,New York,2,1727.36,2023-05-12,False
340,Customer_0340,customer_0340@example.com,2023-05-07,58.0,Houston,49,4022.8,2023-09-04,True
341,Customer_0341,customer_0341@example.com,2023-10-24,50.0,Chicago,13,2881.64,2023-06-01,False
342,Customer_0342,customer_0342@example.com,2023-11-01,57.0,Houston,4,2587.71,2023-06-23,True
343,Customer_0343,customer_0343@example.com,2023-01-21,56.0,Houston,26,1502.77,2023-02-28,True
344,Customer_0344,customer_0344@example.com,2023-11-14,35.0,Houston,25,4662.18,2023-08-28,True
345,Customer_0345,customer_0345@example.com,2023-02-11,57.0,Houston,30,2015.22,2023-02-08,True
346,Customer_0346,customer_0346@example.com,2023-08-03,18.0,Phoenix,11,481.11,2023-03-14,True
347,Customer_0347,customer_0347@example.com,2023-12-03,,Phoenix,7,3104.48,2023-04-26,True
348,Customer_0348,customer_0348@example.com,2023-10-26,45.0,Los Angeles,31,613.5,2023-12-13,True
349,Customer_0349,customer_0349@example.com,2023-10-17,74.0,New York,44,1758.85,2023-12-12,True
350,Customer_0350,customer_0350@example.com,2023-09-25,42.0,Houston,10,2561.69,2023-07-23,False
351,Customer_0351,customer_0351@example.com,2023-06-11,67.0,Los Angeles,39,4377.4,2023-10-13,True
352,Customer_0352,customer_0352@example.com,2023-05-14,40.0,New York,13,2493.06,2023-07-07,False
353,Customer_0353,customer_0353@example.com,2023-04-15,48.0,Chicago,31,3526.18,2023-02-16,True
354,Customer_0354,customer_0354@example.com,2023-12-09,47.0,Phoenix,7,4964.44,2023-07-22,True
355,Customer_0355,customer_0355@example.com,2023-06-10,59.0,New York,49,700.87,2023-01-08,True
356,Customer_0356,customer_0356@example.com,2023-05-03,52.0,Chicago,42,1409.92,2023-05-16,True
357,Customer_0357,customer_0357@example.com,2023-05-16,24.0,New York,42,2003.15,2023-10-02,True
358,Customer_0358,customer_0358@example.com,2023-07-22,77.0,Phoenix,36,2138.05,2023-03-05,False
359,Customer_0359,customer_0359@example.com,2023-03-09,33.0,Phoenix,20,2084.55,2023-08-21,False
360,Customer_0360,customer_0360@example.com,2023-12-10,43.0,Los Angeles,4,4542.67,2023-07-08,True
361,Customer_0361,customer_0361@example.com,2023-11-27,65.0,Houston,7,3584.46,2023-12-11,True
362,Customer_0362,customer_0362@example.com,2023-06-03,74.0,New York,1,3059.13,2023-12-11,False
363,Customer_0363,customer_0363@example.com,2023-08-23,69.0,New York,44,1581.39,2023-05-15,True
364,Customer_0364,customer_0364@example.com,2023-06-11,77.0,Chicago,45,4127.76,2023-10-27,False
365,Customer_0365,customer_0365@example.com,2023-02-07,66.0,Phoenix,42,4777.55,2023-07-15,False
366,Customer_0366,customer_0366@example.com,2023-01-05,19.0,New York,47,4114.93,2023-11-23,False
367,Customer_0367,customer_0367@example.com,2023-08-23,18.0,Phoenix,13,57.75,2023-07-10,True
368,Customer_0368,customer_0368@example.com,2023-11-15,65.0,New York,22,3200.19,2023-02-25,True
369,Customer_0369,customer_0369@example.com,2023-10-16,79.0,Los Angeles,21,303.12,2023-12-12,True
370,Customer_0370,customer_0370@example.com,2023-02-21,29.0,Houston,22,1325.16,2023-04-30,True
371,Customer_0371,customer_0371@example.com,2023-02-07,22.0,New York,28,344.65,2023-08-30,False
372,Customer_0372,customer_0372@example.com,2023-10-03,54.0,Phoenix,9,3038.79,2023-01-13,True
373,Customer_0373,customer_0373@example.com,2023-04-20,49.0,Los Angeles,26,3448.62,2023-11-14,True
374,Customer_0374,customer_0374@example.com,2023-09-17,76.0,New York,9,616.71,2023-10-15,False
375,Customer_0375,customer_0375@example.com,2023-05-16,,Chicago,15,1950.0,2023-06-17,False
376,Customer_0376,customer_0376@example.com,2023-03-09,26.0,Houston,10,2308.37,2023-11-09,False
377,Customer_0377,customer_0377@example.com,2023-06-28,58.0,New York,24,1876.81,2023-04-24,False
378,Customer_0378,customer_0378@example.com,2023-02-05,52.0,Los Angeles,42,649.07,2023-11-28,True
379,Customer_0379,customer_0379@example.com,2023-05-06,36.0,Chicago,8,2123.79,2023-02-02,True
380,Customer_0380,customer_0380@example.com,2023-07-09,65.0,Los Angeles,24,3768.33,2023-11-22,False
381,Customer_0381,customer_0381@example.com,2023-05-26,33.0,Los Angeles,16,401.49,2023-08-26,True
382,Customer_0382,customer_0382@example.com,2023-03-22,20.0,Chicago,49,446.89,2023-12-25,True
383,Customer_0383,customer_0383@example.com,2023-08-13,37.0,Los Angeles,26,1806.12,2023-06-04,True
384,Customer_0384,customer_0384@example.com,2023-10-06,41.0,Chicago,27,4711.54,2023-11-29,True
385,Customer_0385,customer_0385@example.com,2023-12-27,71.0,New York,37,3359.43,2023-07-29,False
386,Customer_0386,customer_0386@example.com,2023-06-04,73.0,Chicago,4,3409.42,2023-03-01,True
387,Customer_0387,customer_0387@example.com,2023-11-10,50.0,Chicago,24,1841.5,2023-03-13,True
388,Customer_0388,customer_0388@example.com,2023-12-01,41.0,Houston,19,2988.62,2023-01-24,True
389,Customer_0389,customer_0389@example.com,2023-09-28,69.0,Chicago,36,100.15,2023-01-20,True
390,Customer_0390,customer_0390@example.com,2023-01-05,28.0,Chicago,39,3198.68,2023-06-05,True
391,Customer_0391,customer_0391@example.com,2023-12-08,66.0,New York,10,4570.77,2023-09-10,True
392,Customer_0392,customer_0392@example.com,2023-10-11,25.0,Houston,25,3082.24,2023-03-01,False
393,Customer_0393,customer_0393@example.com,2023-06-03,53.0,Phoenix,18,4374.81,2023-02-19,True
394,Customer_0394,customer_0394@example.com,2023-12-06,55.0,New York,19,3633.67,2023-05-01,True
395,Customer_0395,customer_0395@example.com,2023-02-23,57.0,New York,36,646.76,2023-10-03,True
396,Customer_0396,customer_0396@example.com,2023-03-10,37.0,Phoenix,10,4517.14,2023-03-11,True
397,Customer_0397,customer_0397@example.com,2023-05-16,79.0,Chicago,33,378.9,2023-07-18,True
398,Customer_0398,customer_0398@example.com,2023-03-01,52.0,Los Angeles,5,2693.14,2023-08-21,False
399,Customer_0399,customer_0399@example.com,2023-02-24,65.0,Houston,47,753.58,2023-07-09,True
400,Customer_0400,customer_0400@example.com,2023-10-11,79.0,Los Angeles,49,107.95,2023-12-10,False
401,Customer_0401,customer_0401@example.com,2023-03-21,42.0,Phoenix,35,2139.07,2023-12-23,True
402,Customer_0402,customer_0402@example.com,2023-05-20,52.0,New York,44,1510.45,2023-10-04,True
403,Customer_0403,customer_0403@example.com,2023-05-25,42.0,New York,34,2455.7,2023-08-03,True
404,Customer_0404,customer_0404@example.com,2023-11-06,46.0,Houston,33,2907.14,2023-10-28,False
405,Customer_0405,customer_0405@example.com,2023-04-18,35.0,New York,21,266.51,2023-03-21,True
406,Customer_0406,customer_0406@example.com,2023-06-25,63.0,New York,17,658.87,2023-08-01,True
407,Customer_0407,customer_0407@example.com,2023-04-15,35.0,Houston,22,2815.28,2023-12-02,True
408,Customer_0408,customer_0408@example.com,2023-12-18,19.0,Houston,48,1748.68,2023-02-20,True
409,Customer_0409,customer_0409@example.com,2023-11-21,71.0,Phoenix,37,3659.41,2023-09-08,True
410,Customer_0410,customer_0410@example.com,2023-05-16,52.0,New York,15,3278.84,2023-11-12,True
411,Customer_0411,customer_0411@example.com,2023-09-16,33.0,New York,35,4235.74,2023-07-28,True
412,Customer_0412,customer_0412@example.com,2023-09-08,78.0,Phoenix,28,3477.84,2023-05-24,True
413,Customer_0413,customer_0413@example.com,2023-05-09,58.0,Chicago,7,2178.16,2023-01-17,True
414,Customer_0414,customer_0414@example.com,2023-01-27,53.0,Chicago,32,3381.18,2023-12-20,False
415,Customer_0415,customer_0415@example.com,2023-02-17,50.0,Chicago,11,1413.14,2023-07-09,False
416,Customer_0416,customer_0416@example.com,2023-11-21,21.0,Phoenix,10,1566.25,2023-04-22,False
417,Customer_0417,customer_0417@example.com,2023-08-05,50.0,New York,9,3955.48,2023-08-16,True
418,Customer_0418,customer_0418@example.com,2023-05-22,,Phoenix,14,2259.78,2023-08-16,True
419,Customer_0419,customer_0419@example.com,2023-01-23,38.0,Phoenix,13,4001.98,2023-05-01,True
420,Customer_0420,customer_0420@example.com,2023-01-02,65.0,Chicago,25,4120.99,2023-07-05,True
421,Customer_0421,customer_0421@example.com,2023-06-20,37.0,Los Angeles,2,4294.93,2023-02-20,True
422,Customer_0422,customer_0422@example.com,2023-03-08,73.0,New York,35,4587.34,2023-12-18,True
423,Customer_0423,customer_0423@example.com,2023-11-23,25.0,Chicago,7,2183.38,2023-07-08,True
424,Customer_0424,customer_0424@example.com,2023-05-15,24.0,Los Angeles,21,1628.39,2023-10-06,True
425,Customer_0425,customer_0425@example.com,2023-03-24,20.0,Los Angeles,18,2931.88,2023-11-27,False
426,Customer_0426,customer_0426@example.com,2023-08-15,34.0,Houston,3,1887.3,2023-07-03,True
427,Customer_0427,customer_0427@example.com,2023-10-10,50.0,New York,42,3025.32,2023-02-01,True
428,Customer_0428,customer_0428@example.com,2023-12-28,65.0,Los Angeles,39,3542.65,2023-07-23,True
429,Customer_0429,customer_0429@example.com,2023-08-07,29.0,Chicago,41,3457.6,2023-05-22,True
430,Customer_0430,customer_0430@example.com,2023-10-15,76.0,Houston,49,1904.04,2023-04-08,True
431,Customer_0431,customer_0431@example.com,2023-01-05,68.0,New York,11,875.96,2023-03-04,False
432,Customer_0432,customer_0432@example.com,2023-02-27,,Phoenix,39,2181.12,2023-08-21,False
433,Customer_0433,customer_0433@example.com,2023-02-08,,Chicago,24,755.84,2023-02-16,True
434,  Customer_0434  ,customer_0434@example.com,2023-12-20,39.0,Los Angeles,46,4455.98,2023-12-06,False
435,Customer_0435,customer_0435@example.com,2023-03-18,63.0,Los Angeles,19,1762.09,2023-04-19,False
436,Customer_0436,customer_0436@example.com,2023-10-07,47.0,Chicago,4,814.58,2023-11-25,False
437,Customer_0437,customer_0437@example.com,2023-01-19,55.0,Los Angeles,26,175.97,2023-11-24,False
438,Customer_0438,customer_0438@example.com,2023-07-09,55.0,Houston,38,3246.82,2023-11-02,True
439,Customer_0439,customer_0439@example.com,2023-10-26,62.0,New York,42,3202.67,2023-01-11,True
440,Customer_0440,customer_0440@example.com,2023-10-10,68.0,Houston,32,1735.99,2023-01-26,True
441,Customer_0441,customer_0441@example.com,2023-03-17,71.0,Los Angeles,39,404.97,2023-06-20,True
442,Customer_0442,customer_0442@example.com,2023-08-09,25.0,Phoenix,45,2077.66,2023-05-05,False
443,Customer_0443,customer_0443@example.com,2023-03-07,44.0,New York,46,1590.53,2023-03-06,True
444,Customer_0444,customer_0444@example.com,2023-01-22,44.0,New York,36,3401.75,2023-10-17,False
445,Customer_0445,customer_0445@example.com,2023-06-07,51.0,Chicago,40,3048.61,2023-04-16,False
446,Customer_0446,customer_0446@example.com,2023-07-06,38.0,Chicago,37,1854.74,2023-02-05,False
447,Customer_0447,customer_0447@example.com,2023-01-21,47.0,Phoenix,33,1128.57,2023-10-11,False
448,Customer_0448,customer_0448@example.com,2023-07-03,50.0,New York,36,4940.78,2023-04-17,True
449,Customer_0449,customer_0449@example.com,2023-04-18,45.0,Phoenix,3,2297.31,2023-10-28,True
450,Customer_0450,customer_0450@example.com,2023-12-16,64.0,Chicago,9,3456.96,2023-04-21,True
451,Customer_0451,customer_0451@example.com,2023-05-08,50.0,Chicago,8,745.74,2023-04-30,True
452,Customer_0452,customer_0452@example.com,2023-12-08,22.0,New York,33,2453.67,2023-06-18,True
453,Customer_0453,customer_0453@example.com,2023-02-22,77.0,Houston,6,186.31,2023-03-17,True
454,Customer_0454,customer_0454@example.com,2023-07-01,78.0,Los Angeles,41,2552.0,2023-11-02,False
455,Customer_0455,customer_0455@example.com,2023-10-14,65.0,Chicago,39,4821.89,2023-01-02,True
456,Customer_0456,customer_0456@example.com,2023-07-28,,Chicago,4,1951.82,2023-05-22,True
457,Customer_0457,customer_0457@example.com,2023-11-14,21.0,Houston,13,243.03,2023-03-16,True
458,Customer_0458,customer_0458@example.com,2023-03-21,52.0,Houston,49,203.23,2023-03-08,True
459,Customer_0459,customer_0459@example.com,2023-05-02,66.0,Phoenix,2,1970.53,2023-10-04,True
460,Customer_0460,customer_0460@example.com,2023-03-25,34.0,Phoenix,5,842.12,2023-05-09,False
461,Customer_0461,customer_0461@example.com,2023-04-01,61.0,Los Angeles,44,165.59,2023-03-31,True
462,Customer_0462,customer_0462@example.com,2023-07-31,45.0,Los Angeles,27,3793.26,2023-02-26,False
463,Customer_0463,customer_0463@example.com,2023-01-13,47.0,New York,32,2319.69,2023-12-05,True
464,Customer_0464,customer_0464@example.com,2023-04-02,46.0,Phoenix,21,1481.76,2023-01-14,False
465,Customer_0465,customer_0465@example.com,2023-06-20,63.0,Chicago,8,4505.41,2023-03-09,True
466,Customer_0466,customer_0466@example.com,2023-07-30,70.0,Phoenix,38,624.89,2023-01-08,True
467,  Customer_0467  ,customer_0467@example.com,2023-12-09,23.0,Chicago,8,4781.8,2023-07-03,True
468,Customer_0468,customer_0468@example.com,2023-05-08,52.0,Houston,3,1604.14,2023-05-02,False
469,Customer_0469,customer_0469@example.com,2023-05-17,77.0,Phoenix,44,4447.6,2023-10-29,True
470,Customer_0470,customer_0470@example.com,2023-03-23,58.0,Houston,3,3034.57,2023-06-15,True
471,Customer_0471,customer_0471@example.com,2023-12-26,54.0,Los Angeles,22,4142.2,2023-01-09,False
472,Customer_0472,customer_0472@example.com,2023-02-25,41.0,Los Angeles,6,4920.87,2023-03-31,False
473,Customer_0473,customer_0473@example.com,2023-07-15,46.0,New York,2,1477.61,2023-05-16,True
474,Customer_0474,customer_0474@example.com,2023-01-20,66.0,Phoenix,23,4807.62,2023-01-27,False
475,Customer_0475,customer_0475@example.com,2023-08-29,63.0,Houston,44,1977.94,2023-03-06,True
476,Customer_0476,customer_0476@example.com,2023-04-24,70.0,Chicago,2,1958.28,2023-08-04,True
477,Customer_0477,customer_0477@example.com,2023-04-13,,Los Angeles,38,1734.92,2023-09-27,True
478,Customer_0478,customer_0478@example.com,2023-08-24,52.0,Los Angeles,17,2729.97,2023-02-28,False
479,Customer_0479,customer_0479@example.com,2023-06-29,,Chicago,35,813.02,2023-02-02,False
480,Customer_0480,customer_0480@example.com,2023-06-06,50.0,Houston,34,2790.87,2023-09-01,True
481,Customer_0481,customer_0481@example.com,2023-04-27,69.0,Houston,23,2731.44,2023-08-18,True
482,Customer_0482,customer_0482@example.com,2023-04-25,78.0,Phoenix,30,3821.41,2023-07-05,True
483,Customer_0483,customer_0483@example.com,2023-01-13,38.0,Phoenix,8,4176.57,2023-09-20,False
484,Customer_0484,customer_0484@example.com,2023-12-04,,New York,22,2230.18,2023-10-31,False
485,Customer_0485,customer_0485@example.com,2023-04-09,40.0,Los Angeles,44,1546.55,2023-02-25,True
486,Customer_0486,customer_0486@example.com,2023-07-24,50.0,Phoenix,36,1333.71,2023-08-20,False
487,Customer_0487,customer_0487@example.com,2023-06-18,20.0,Houston,5,1013.39,2023-09-15,False
488,Customer_0488,customer_0488@example.com,2023-05-23,35.0,Chicago,13,335.36,2023-04-24,True
489,Customer_0489,customer_0489@example.com,2023-02-05,42.0,Houston,29,1745.12,2023-11-11,True
490,Customer_0490,customer_0490@example.com,2023-05-23,59.0,Los Angeles,31,1387.73,2023-01-23,True
491,Customer_0491,customer_0491@example.com,2023-06-29,48.0,Houston,47,4833.77,2023-12-04,True
492,Customer_0492,customer_0492@example.com,2023-11-25,,New York,16,2810.66,2023-09-24,True
493,Customer_0493,customer_0493@example.com,2023-09-18,75.0,Los Angeles,42,1769.02,2023-06-04,True
494,Customer_0494,customer_0494@example.com,2023-07-24,20.0,Chicago,30,2923.31,2023-08-23,False
495,Customer_0495,customer_0495@example.com,2023-12-14,57.0,New York,16,739.02,2023-11-26,True
496,Customer_0496,customer_0496@example.com,2023-10-02,63.0,Los Angeles,12,2248.02,2023-01-16,True
497,Customer_0497,customer_0497@example.com,2023-06-19,41.0,Chicago,17,3149.86,2023-02-01,True
498,Customer_0498,customer_0498@example.com,2023-01-15,67.0,New York,16,2470.04,2023-09-03,True
499,Customer_0499,customer_0499@example.com,2023-03-01,49.0,New York,12,2038.81,2023-07-25,True
500,Customer_0500,customer_0500@example.com,2023-05-14,64.0,Los Angeles,8,4969.55,2023-08-07,True
501,Customer_0501,customer_0501@example.com,2023-04-02,39.0,Phoenix,20,4407.56,2023-12-18,True
502,Customer_0502,customer_0502@example.com,2023-10-25,40.0,New York,3,3135.86,2023-02-25,True
503,Customer_0503,customer_0503@example.com,2023-05-16,,New York,16,2868.42,2023-09-09,True
504,Customer_0504,customer_0504@example.com,2023-01-20,44.0,Chicago,30,3122.27,2023-12-31,True
505,Customer_0505,customer_0505@example.com,2023-02-25,59.0,Houston,45,1046.49,2023-08-16,False
506,Customer_0506,customer_0506@example.com,2023-11-02,19.0,Los Angeles,23,2005.93,2023-02-07,True
507,Customer_0507,customer_0507@example.com,2023-08-11,43.0,Los Angeles,28,245.32,2023-02-11,True
508,Customer_0508,customer_0508@example.com,2023-06-26,34.0,Phoenix,40,2403.95,2023-06-14,False
509,Customer_0509,customer_0509@example.com,2023-06-10,,Phoenix,5,2737.97,2023-11-08,True
510,Customer_0510,customer_0510@example.com,2023-08-12,50.0,Los Angeles,20,1177.36,2023-03-17,True
511,Customer_0511,customer_0511@example.com,2023-11-07,26.0,Phoenix,40,4821.94,2023-02-03,False
512,Customer_0512,customer_0512@example.com,2023-09-19,60.0,Chicago,44,4551.8,2023-03-06,True
513,Customer_0513,customer_0513@example.com,2023-03-01,71.0,Los Angeles,1,3624.61,2023-05-21,True
514,Customer_0514,customer_0514@example.com,2023-07-17,65.0,Phoenix,30,2690.26,2023-11-16,False
515,Customer_0515,customer_0515@example.com,2023-10-23,56.0,Los Angeles,21,4356.35,2023-11-21,False
516,Customer_0516,customer_0516@example.com,2023-04-08,46.0,Houston,20,696.73,2023-10-27,False
517,Customer_0517,customer_0517@example.com,2023-05-11,59.0,New York,6,3963.02,2023-10-08,True
518,Customer_0518,customer_0518@example.com,2023-01-23,72.0,Los Angeles,22,667.86,2023-12-31,True
519,Customer_0519,customer_0519@example.com,2023-12-29,43.0,New York,18,3981.34,2023-06-16,True
520,Customer_0520,customer_0520@example.com,2023-08-12,52.0,Phoenix,8,1415.05,2023-07-15,True
521,Customer_0521,customer_0521@example.com,2023-01-01,67.0,New York,39,4391.6,2023-11-02,True
522,Customer_0522,customer_0522@example.com,2023-09-24,42.0,Los Angeles,32,4723.01,2023-09-29,True
523,Customer_0523,customer_0523@example.com,2023-10-03,41.0,Houston,33,786.54,2023-05-31,False
524,Customer_0524,customer_0524@example.com,2023-12-18,30.0,Phoenix,16,2340.24,2023-08-21,True
525,Customer_0525,customer_0525@example.com,2023-12-10,,Los Angeles,12,4905.89,2023-09-16,True
526,Customer_0526,customer_0526@example.com,2023-04-11,75.0,Phoenix,38,2442.87,2023-11-06,True
527,Customer_0527,customer_0527@example.com,2023-07-06,24.0,Chicago,34,4324.56,2023-08-09,True
528,Customer_0528,customer_0528@example.com,2023-08-09,74.0,New York,14,2964.22,2023-02-20,True
529,Customer_0529,customer_0529@example.com,2023-02-05,53.0,Chicago,36,1907.88,2023-12-26,True
530,Customer_0530,customer_0530@example.com,2023-12-07,62.0,Los Angeles,33,1464.63,2023-02-28,True
531,Customer_0531,customer_0531@example.com,2023-06-19,37.0,Houston,23,1055.95,2023-12-02,True
532,Customer_0532,customer_0532@example.com,2023-11-16,18.0,Phoenix,45,3820.9,2023-11-30,False
533,Customer_0533,customer_0533@example.com,2023-06-10,,New York,2,1963.38,2023-10-10,False
534,Customer_0534,customer_0534@example.com,2023-12-06,63.0,Phoenix,41,2580.81,2023-04-21,True
535,Customer_0535,customer_0535@example.com,2023-03-05,33.0,Los Angeles,21,2487.01,2023-08-09,True
536,Customer_0536,customer_0536@example.com,2023-06-03,31.0,Phoenix,2,2907.53,2023-08-20,False
537,Customer_0537,customer_0537@example.com,2023-09-17,29.0,New York,27,4334.61,2023-04-27,False
538,Customer_0538,customer_0538@example.com,2023-06-08,68.0,Los Angeles,9,4904.66,2023-07-31,True
539,Customer_0539,customer_0539@example.com,2023-12-08,,Phoenix,1,2067.54,2023-06-23,False
540,Customer_0540,customer_0540@example.com,2023-07-29,32.0,Houston,11,4146.22,2023-08-21,True
541,  Customer_0541  ,customer_0541@example.com,2023-06-17,45.0,Los Angeles,3,3834.41,2023-07-24,False
542,Customer_0542,customer_0542@example.com,2023-07-26,51.0,Los Angeles,23,2888.97,2023-08-01,False
543,Customer_0543,customer_0543@example.com,2023-12-23,19.0,Houston,26,4782.43,2023-02-18,True
544,Customer_0544,customer_0544@example.com,2023-06-01,49.0,Chicago,4,1042.35,2023-06-10,False
545,Customer_0545,customer_0545@example.com,2023-10-11,40.0,New York,18,590.86,2023-08-07,True
546,Customer_0546,customer_0546@example.com,2023-03-07,39.0,Chicago,6,4277.11,2023-06-10,False
547,Customer_0547,customer_0547@example.com,2023-04-09,68.0,Phoenix,35,2223.79,2023-12-07,True
548,Customer_0548,customer_0548@example.com,2023-08-04,42.0,Houston,22,4242.5,2023-05-11,False
549,Customer_0549,customer_0549@example.com,2023-12-07,75.0,Chicago,43,4470.8,2023-07-11,True
550,Customer_0550,customer_0550@example.com,2023-07-14,79.0,Los Angeles,15,359.17,2023-03-20,True
551,Customer_0551,customer_0551@example.com,2023-12-13,78.0,Phoenix,22,4423.15,2023-12-18,True
552,Customer_0552,customer_0552@example.com,2023-03-31,39.0,Phoenix,37,2269.18,2023-08-31,False
553,Customer_0553,customer_0553@example.com,2023-11-12,75.0,Chicago,42,2576.64,2023-02-04,False
554,Customer_0554,customer_0554@example.com,2023-10-19,75.0,Chicago,12,3151.63,2023-02-16,False
555,Customer_0555,customer_0555@example.com,2023-06-04,39.0,Houston,47,4635.59,2023-02-13,False
556,Customer_0556,customer_0556@example.com,2023-07-27,66.0,New York,49,144.62,2023-02-17,True
557,Customer_0557,customer_0557@example.com,2023-10-08,69.0,Chicago,42,2410.38,2023-08-10,True
558,Customer_0558,customer_0558@example.com,2023-01-01,59.0,Chicago,38,3454.22,2023-02-19,True
559,Customer_0559,customer_0559@example.com,2023-06-05,23.0,Los Angeles,18,3627.4,2023-07-10,True
560,Customer_0560,customer_0560@example.com,2023-05-27,32.0,Phoenix,45,3478.04,2023-03-08,True
561,Customer_0561,customer_0561@example.com,2023-04-18,71.0,New York,35,715.45,2023-10-12,True
562,Customer_0562,customer_0562@example.com,2023-08-09,60.0,Los Angeles,30,1532.01,2023-01-31,True
563,Customer_0563,customer_0563@example.com,2023-10-24,77.0,Houston,24,1825.64,2023-10-28,True
564,Customer_0564,customer_0564@example.com,2023-11-07,54.0,Houston,42,4031.96,2023-10-15,True
565,Customer_0565,customer_0565@example.com,2023-12-02,50.0,Chicago,30,1429.86,2023-10-15,True
566,Customer_0566,customer_0566@example.com,2023-06-14,25.0,Chicago,14,1092.99,2023-06-18,False
567,Customer_0567,customer_0567@example.com,2023-08-27,70.0,Houston,6,4789.37,2023-12-10,False
568,Customer_0568,customer_0568@example.com,2023-08-15,77.0,Chicago,3,93.87,2023-03-04,False
569,Customer_0569,customer_0569@example.com,2023-08-15,61.0,New York,16,4989.21,2023-07-30,True
570,Customer_0570,customer_0570@example.com,2023-12-12,61.0,Chicago,7,3400.27,2023-07-01,True
571,Customer_0571,customer_0571@example.com,2023-04-20,22.0,Phoenix,14,4150.92,2023-12-07,False
572,Customer_0572,customer_0572@example.com,2023-09-19,56.0,Chicago,9,1508.37,2023-08-05,True
573,Customer_0573,customer_0573@example.com,2023-08-31,21.0,Los Angeles,15,120.86,2023-01-27,True
574,Customer_0574,customer_0574@example.com,2023-03-28,,New York,21,3702.45,2023-05-28,True
575,Customer_0575,customer_0575@example.com,2023-12-04,62.0,Los Angeles,35,4179.02,2023-11-04,True
576,Customer_0576,customer_0576@example.com,2023-02-13,,Los Angeles,2,3715.36,2023-06-09,True
577,Customer_0577,customer_0577@example.com,2023-05-26,69.0,Phoenix,27,757.11,2023-06-30,True
578,Customer_0578,customer_0578@example.com,2023-09-21,47.0,New York,2,3779.47,2023-02-23,True
579,Customer_0579,customer_0579@example.com,2023-12-06,64.0,New York,35,3856.17,2023-10-23,True
580,Customer_0580,customer_0580@example.com,2023-11-21,52.0,New York,18,3309.78,2023-09-17,True
581,Customer_0581,customer_0581@example.com,2023-11-14,72.0,New York,14,3842.27,2023-04-19,False
582,Customer_0582,customer_0582@example.com,2023-06-21,57.0,New York,20,4237.31,2023-03-21,True
583,Customer_0583,customer_0583@example.com,2023-02-17,69.0,Phoenix,18,3087.34,2023-12-03,True
584,Customer_0584,customer_0584@example.com,2023-05-01,33.0,Chicago,10,488.59,2023-09-04,False
585,Customer_0585,customer_0585@example.com,2023-12-11,30.0,Los Angeles,25,2463.76,2023-04-25,True
586,Customer_0586,customer_0586@example.com,2023-06-08,67.0,New York,2,434.36,2023-02-25,True
587,Customer_0587,customer_0587@example.com,2023-04-26,77.0,Chicago,25,2067.34,2023-06-29,True
588,Customer_0588,customer_0588@example.com,2023-04-12,59.0,Chicago,33,2065.18,2023-10-12,True
589,Customer_0589,customer_0589@example.com,2023-03-17,47.0,Los Angeles,36,376.75,2023-07-08,True
590,Customer_0590,customer_0590@example.com,2023-01-13,36.0,Phoenix,31,1776.66,2023-02-28,False
591,Customer_0591,customer_0591@example.com,2023-01-24,34.0,Houston,14,599.44,2023-05-23,True
592,Customer_0592,customer_0592@example.com,2023-05-06,73.0,Houston,1,4050.76,2023-10-21,True
593,Customer_0593,customer_0593@example.com,2023-09-01,36.0,Chicago,46,4741.06,2023-04-26,True
594,Customer_0594,customer_0594@example.com,2023-11-09,45.0,Los Angeles,16,407.97,2023-08-08,True
595,Customer_0595,customer_0595@example.com,2023-02-07,75.0,Houston,46,4777.82,2023-10-15,True
596,Customer_0596,customer_0596@example.com,2023-08-22,72.0,Chicago,3,2636.75,2023-11-15,True
597,Customer_0597,customer_0597@example.com,2023-08-01,43.0,Phoenix,35,1532.85,2023-11-11,True
598,Customer_0598,customer_0598@example.com,2023-11-19,54.0,Houston,41,430.47,2023-12-12,True
599,Customer_0599,customer_0599@example.com,2023-10-22,43.0,Chicago,6,2528.09,2023-11-26,True
600,Customer_0600,customer_0600@example.com,2023-04-10,70.0,Chicago,25,3982.85,2023-10-13,True
601,Customer_0601,customer_0601@example.com,2023-12-23,79.0,New York,13,3550.08,2023-01-14,False
602,Customer_0602,customer_0602@example.com,2023-07-16,40.0,Phoenix,34,298.62,2023-11-08,True
603,Customer_0603,customer_0603@example.com,2023-09-11,26.0,New York,8,410.86,2023-12-03,True
604,Customer_0604,customer_0604@example.com,2023-07-24,29.0,Los Angeles,21,2044.22,2023-12-22,True
605,Customer_0605,customer_0605@example.com,2023-05-05,70.0,New York,34,1511.69,2023-05-17,False
606,  Customer_0606  ,customer_0606@example.com,2023-03-17,18.0,New York,4,1200.3,2023-01-15,True
607,Customer_0607,customer_0607@example.com,2023-12-02,75.0,Houston,25,1440.97,2023-04-03,True
608,Customer_0608,customer_0608@example.com,2023-12-19,75.0,Chicago,15,4027.24,2023-05-20,False
609,Customer_0609,customer_0609@example.com,2023-01-03,18.0,Phoenix,4,4649.68,2023-12-26,False
610,Customer_0610,customer_0610@example.com,2023-02-24,64.0,New York,45,2055.26,2023-06-08,True
611,Customer_0611,customer_0611@example.com,2023-08-06,51.0,Phoenix,12,4535.25,2023-06-23,True
612,Customer_0612,customer_0612@example.com,2023-04-23,49.0,New York,32,1641.4,2023-06-29,False
613,Customer_0613,customer_0613@example.com,2023-04-01,79.0,Los Angeles,32,2408.36,2023-01-04,False
614,Customer_0614,customer_0614@example.com,2023-12-23,,New York,28,1168.84,2023-04-03,False
615,Customer_0615,customer_0615@example.com,2023-09-23,65.0,Houston,13,3220.36,2023-03-15,True
616,Customer_0616,customer_0616@example.com,2023-08-26,42.0,Chicago,31,4895.96,2023-10-17,True
617,Customer_0617,customer_0617@example.com,2023-01-26,57.0,Los Angeles,14,3037.29,2023-12-03,True
618,Customer_0618,customer_0618@example.com,2023-10-13,62.0,New York,20,1821.18,2023-07-25,False
619,Customer_0619,customer_0619@example.com,2023-05-08,70.0,Phoenix,18,3256.7,2023-02-05,True
620,Customer_0620,customer_0620@example.com,2023-03-04,18.0,Los Angeles,29,658.46,2023-03-14,True
621,Customer_0621,customer_0621@example.com,2023-08-22,33.0,Los Angeles,6,4448.86,2023-11-21,False
622,Customer_0622,customer_0622@example.com,2023-03-10,78.0,New York,32,2540.27,2023-01-16,True
623,Customer_0623,customer_0623@example.com,2023-08-26,56.0,Los Angeles,29,2274.28,2023-02-16,False
624,Customer_0624,customer_0624@example.com,2023-12-08,22.0,Phoenix,43,2950.03,2023-09-29,True
625,Customer_0625,customer_0625@example.com,2023-09-29,39.0,Los Angeles,2,3142.68,2023-04-21,True
626,Customer_0626,customer_0626@example.com,2023-10-14,46.0,Phoenix,23,405.29,2023-07-12,True
627,Customer_0627,customer_0627@example.com,2023-11-01,72.0,New York,19,3428.96,2023-08-03,False
628,Customer_0628,customer_0628@example.com,2023-06-12,20.0,Chicago,31,1247.56,2023-08-21,True
629,Customer_0629,customer_0629@example.com,2023-08-15,29.0,Los Angeles,5,3584.07,2023-06-24,True
630,Customer_0630,customer_0630@example.com,2023-11-10,43.0,Chicago,19,4121.55,2023-03-22,False
631,Customer_0631,customer_0631@example.com,2023-09-16,33.0,Phoenix,34,4029.59,2023-07-09,True
632,Customer_0632,customer_0632@example.com,2023-08-07,68.0,Los Angeles,10,2784.88,2023-06-09,True
633,Customer_0633,customer_0633@example.com,2023-10-08,54.0,Houston,25,2624.84,2023-06-16,True
634,Customer_0634,customer_0634@example.com,2023-08-17,39.0,Chicago,2,757.24,2023-10-18,True
635,Customer_0635,customer_0635@example.com,2023-03-23,74.0,Los Angeles,11,3887.96,2023-11-02,True
636,Customer_0636,customer_0636@example.com,2023-09-01,46.0,Chicago,31,1393.48,2023-02-13,True
637,Customer_0637,customer_0637@example.com,2023-08-19,31.0,Los Angeles,15,2508.64,2023-01-27,True
638,Customer_0638,customer_0638@example.com,2023-05-13,45.0,New York,9,1457.16,2023-03-21,True
639,Customer_0639,customer_0639@example.com,2023-05-07,22.0,Chicago,23,712.45,2023-03-22,True
640,Customer_0640,customer_0640@example.com,2023-11-23,64.0,Houston,19,3166.31,2023-11-13,True
641,Customer_0641,customer_0641@example.com,2023-05-22,66.0,Houston,9,318.94,2023-01-26,True
642,Customer_0642,customer_0642@example.com,2023-09-24,47.0,Phoenix,35,3755.79,2023-12-12,True
643,Customer_0643,customer_0643@example.com,2023-09-06,63.0,Los Angeles,21,1622.05,2023-02-11,True
644,  Customer_0644  ,customer_0644@example.com,2023-11-17,79.0,Chicago,9,50.67,2023-05-20,True
645,Customer_0645,customer_0645@example.com,2023-05-03,69.0,Phoenix,28,2580.09,2023-08-15,True
646,Customer_0646,customer_0646@example.com,2023-05-21,22.0,Chicago,46,281.92,2023-12-05,False
647,  Customer_0647  ,customer_0647@example.com,2023-08-14,29.0,Los Angeles,7,1417.04,2023-08-06,True
648,Customer_0648,customer_0648@example.com,2023-02-09,33.0,Houston,16,3549.53,2023-09-06,False
649,Customer_0649,customer_0649@example.com,2023-05-27,43.0,New York,16,360.31,2023-11-07,False
650,Customer_0650,customer_0650@example.com,2023-05-01,43.0,Houston,33,4204.73,2023-08-15,True
651,Customer_0651,customer_0651@example.com,2023-05-20,65.0,Phoenix,4,68.91,2023-08-01,True
652,Customer_0652,customer_0652@example.com,2023-06-21,38.0,New York,4,1271.78,2023-05-20,True
653,Customer_0653,customer_0653@example.com,2023-06-13,56.0,Phoenix,39,3717.48,2023-04-21,False
654,  Customer_0654  ,customer_0654@example.com,2023-10-04,53.0,Los Angeles,40,1615.54,2023-09-20,True
655,Customer_0655,customer_0655@example.com,2023-02-11,50.0,New York,17,554.37,2023-02-28,True
656,Customer_0656,customer_0656@example.com,2023-03-12,79.0,Phoenix,37,1833.16,2023-06-26,True
657,Customer_0657,customer_0657@example.com,2023-03-19,,Los Angeles,39,1388.45,2023-08-09,False
658,Customer_0658,customer_0658@example.com,2023-04-29,54.0,Houston,29,4221.42,2023-02-26,False
659,Customer_0659,customer_0659@example.com,2023-07-16,40.0,Los Angeles,36,1601.07,2023-05-26,True
660,Customer_0660,customer_0660@example.com,2023-12-22,75.0,Chicago,38,3955.22,2023-12-14,True
661,Customer_0661,customer_0661@example.com,2023-03-20,27.0,Los Angeles,39,4464.77,2023-12-14,True
662,Customer_0662,customer_0662@example.com,2023-12-28,71.0,Los Angeles,37,2197.4,2023-10-31,True
663,Customer_0663,customer_0663@example.com,2023-04-20,22.0,Chicago,35,4554.22,2023-09-07,False
664,Customer_0664,customer_0664@example.com,2023-02-02,53.0,Phoenix,7,1917.72,2023-09-27,True
665,Customer_0665,customer_0665@example.com,2023-08-01,51.0,Phoenix,27,4822.19,2023-12-08,True
666,Customer_0666,customer_0666@example.com,2023-07-28,69.0,Los Angeles,28,491.98,2023-06-07,True
667,Customer_0667,customer_0667@example.com,2023-06-19,48.0,Chicago,22,3450.75,2023-01-24,False
668,Customer_0668,customer_0668@example.com,2023-10-05,27.0,Chicago,14,2494.38,2023-04-23,False
669,Customer_0669,customer_0669@example.com,2023-08-27,75.0,Houston,7,1968.86,2023-07-22,True
670,Customer_0670,customer_0670@example.com,2023-08-01,,Phoenix,37,3181.92,2023-11-03,False
671,Customer_0671,customer_0671@example.com,2023-02-01,75.0,New York,22,3534.09,2023-01-29,True
672,Customer_0672,customer_0672@example.com,2023-04-16,49.0,Phoenix,5,71.6,2023-01-04,True
673,Customer_0673,customer_0673@example.com,2023-08-04,18.0,Phoenix,2,876.42,2023-04-15,True
674,Customer_0674,customer_0674@example.com,2023-07-19,73.0,Houston,27,3579.58,2023-06-04,True
675,Customer_0675,customer_0675@example.com,2023-10-27,,New York,21,3348.61,2023-04-19,True
676,Customer_0676,customer_0676@example.com,2023-12-23,62.0,Houston,38,4831.94,2023-03-12,False
677,Customer_0677,customer_0677@example.com,2023-01-11,21.0,New York,15,3817.14,2023-05-11,True
678,Customer_0678,customer_0678@example.com,2023-10-22,33.0,Los Angeles,21,4756.32,2023-05-29,True
679,Customer_0679,customer_0679@example.com,2023-07-14,41.0,New York,10,3527.58,2023-06-17,True
680,Customer_0680,customer_0680@example.com,2023-09-02,33.0,Houston,23,1525.36,2023-03-03,True
681,Customer_0681,customer_0681@example.com,2023-01-04,72.0,Phoenix,39,571.56,2023-01-04,False
682,Customer_0682,customer_0682@example.com,2023-06-30,19.0,New York,5,3920.03,2023-09-12,True
683,Customer_0683,customer_0683@example.com,2023-06-02,66.0,New York,1,3238.54,2023-08-09,True
684,Customer_0684,customer_0684@example.com,2023-07-19,45.0,Chicago,13,288.52,2023-03-31,False
685,Customer_0685,customer_0685@example.com,2023-08-03,49.0,Phoenix,21,1832.25,2023-03-08,True
686,Customer_0686,customer_0686@example.com,2023-10-03,44.0,Los Angeles,26,4786.16,2023-07-14,True
687,Customer_0687,customer_0687@example.com,2023-10-07,37.0,Houston,45,2526.99,2023-09-30,True
688,Customer_0688,customer_0688@example.com,2023-11-05,41.0,Los Angeles,21,2192.01,2023-12-27,True
689,  Customer_0689  ,customer_0689@example.com,2023-04-23,29.0,Phoenix,18,2315.61,2023-04-28,False
690,Customer_0690,customer_0690@example.com,2023-09-07,67.0,New York,37,1083.97,2023-09-14,False
691,Customer_0691,customer_0691@example.com,2023-04-23,52.0,New York,45,1875.1,2023-10-14,True
692,Customer_0692,customer_0692@example.com,2023-05-20,77.0,Phoenix,32,1880.58,2023-12-09,False
693,Customer_0693,customer_0693@example.com,2023-08-12,50.0,New York,36,309.16,2023-07-01,True
694,Customer_0694,customer_0694@example.com,2023-09-06,50.0,New York,17,3849.46,2023-02-06,True
695,Customer_0695,customer_0695@example.com,2023-01-15,78.0,New York,35,2111.7,2023-07-23,True
696,Customer_0696,customer_0696@example.com,2023-07-19,68.0,Houston,49,4119.79,2023-01-22,True
697,Customer_0697,customer_0697@example.com,2023-06-22,60.0,Houston,11,4259.22,2023-08-12,True
698,Customer_0698,customer_0698@example.com,2023-12-09,54.0,Chicago,21,1099.37,2023-01-10,True
699,Customer_0699,customer_0699@example.com,2023-12-14,29.0,Los Angeles,26,3303.9,2023-08-24,False
700,Customer_0700,customer_0700@example.com,2023-07-27,20.0,Phoenix,4,2387.79,2023-02-09,True
701,  Customer_0701  ,customer_0701@example.com,2023-03-26,18.0,Phoenix,34,4406.78,2023-06-10,True
702,Customer_0702,customer_0702@example.com,2023-08-28,50.0,Phoenix,48,1117.92,2023-10-22,True
703,Customer_0703,customer_0703@example.com,2023-03-07,57.0,Chicago,18,3405.18,2023-08-08,True
704,Customer_0704,customer_0704@example.com,2023-11-15,27.0,Houston,40,3058.37,2023-10-21,True
705,Customer_0705,customer_0705@example.com,2023-10-01,60.0,Chicago,35,1511.74,2023-07-27,True
706,Customer_0706,customer_0706@example.com,2023-01-14,61.0,Phoenix,41,726.17,2023-12-30,False
707,Customer_0707,customer_0707@example.com,2023-07-21,46.0,Los Angeles,29,3275.62,2023-11-24,True
708,Customer_0708,customer_0708@example.com,2023-10-31,30.0,New York,29,3706.06,2023-08-02,True
709,Customer_0709,customer_0709@example.com,2023-10-16,29.0,Houston,38,1612.36,2023-05-29,True
710,Customer_0710,customer_0710@example.com,2023-12-06,48.0,Houston,42,3241.92,2023-02-28,True
711,Customer_0711,customer_0711@example.com,2023-01-14,63.0,Chicago,21,2005.9,2023-07-27,True
712,Customer_0712,customer_0712@example.com,2023-02-12,19.0,Houston,42,3580.37,2023-01-11,False
713,Customer_0713,customer_0713@example.com,2023-11-26,78.0,Phoenix,13,1036.12,2023-06-16,True
714,Customer_0714,customer_0714@example.com,2023-08-08,68.0,Phoenix,49,4456.56,2023-03-29,True
715,Customer_0715,customer_0715@example.com,2023-03-11,67.0,Chicago,41,1472.68,2023-11-13,True
716,Customer_0716,customer_0716@example.com,2023-08-25,,Phoenix,17,1870.54,2023-08-24,True
717,Customer_0717,customer_0717@example.com,2023-04-04,40.0,Los Angeles,9,337.56,2023-12-20,True
718,Customer_0718,customer_0718@example.com,2023-01-26,34.0,Chicago,41,601.99,2023-07-05,False
719,Customer_0719,customer_0719@example.com,2023-05-14,43.0,Los Angeles,1,2603.52,2023-02-15,True
720,Customer_0720,customer_0720@example.com,2023-07-14,25.0,New York,2,1374.58,2023-08-12,False
721,Customer_0721,customer_0721@example.com,2023-06-17,46.0,Los Angeles,48,4185.63,2023-02-24,True
722,Customer_0722,customer_0722@example.com,2023-04-19,43.0,New York,29,122.73,2023-05-05,False
723,Customer_0723,customer_0723@example.com,2023-08-21,27.0,New York,33,1926.52,2023-08-12,True
724,Customer_0724,customer_0724@example.com,2023-06-17,43.0,Los Angeles,10,1719.86,2023-10-29,True
725,Customer_0725,customer_0725@example.com,2023-06-22,79.0,Chicago,40,145.67,2023-07-25,True
726,Customer_0726,customer_0726@example.com,2023-07-14,51.0,Phoenix,21,665.62,2023-09-26,False
727,Customer_0727,customer_0727@example.com,2023-05-23,68.0,Phoenix,28,2097.53,2023-02-10,True
728,Customer_0728,customer_0728@example.com,2023-08-04,58.0,New York,11,2489.68,2023-07-22,True
729,Customer_0729,customer_0729@example.com,2023-05-10,24.0,New York,34,2051.23,2023-06-08,True
730,Customer_0730,customer_0730@example.com,2023-02-11,21.0,Chicago,8,2678.14,2023-06-23,False
731,Customer_0731,customer_0731@example.com,2023-08-29,75.0,Houston,22,2995.9,2023-04-24,True
732,Customer_0732,customer_0732@example.com,2023-01-10,70.0,Los Angeles,8,99.12,2023-06-20,False
733,Customer_0733,customer_0733@example.com,2023-10-04,67.0,New York,49,2347.27,2023-03-28,True
734,Customer_0734,customer_0734@example.com,2023-01-27,62.0,Phoenix,15,4819.32,2023-02-09,True
735,Customer_0735,customer_0735@example.com,2023-06-29,28.0,Chicago,17,2619.21,2023-09-19,True
736,Customer_0736,customer_0736@example.com,2023-04-25,46.0,Los Angeles,23,3403.83,2023-11-21,False
737,Customer_0737,customer_0737@example.com,2023-11-29,73.0,Chicago,24,1593.73,2023-02-28,True
738,Customer_0738,customer_0738@example.com,2023-02-05,53.0,Los Angeles,45,3881.26,2023-09-29,False
739,Customer_0739,customer_0739@example.com,2023-11-30,42.0,Los Angeles,19,3875.96,2023-09-19,True
740,Customer_0740,customer_0740@example.com,2023-01-21,38.0,New York,5,2630.42,2023-04-10,True
741,Customer_0741,customer_0741@example.com,2023-01-16,78.0,Chicago,32,4881.27,2023-06-28,True
742,Customer_0742,customer_0742@example.com,2023-05-07,74.0,Chicago,44,671.47,2023-06-29,True
743,Customer_0743,customer_0743@example.com,2023-04-13,53.0,Phoenix,1,133.89,2023-11-27,False
744,Customer_0744,customer_0744@example.com,2023-01-11,27.0,Phoenix,23,3862.28,2023-03-17,False
745,Customer_0745,customer_0745@example.com,2023-11-15,54.0,New York,37,4045.42,2023-05-01,False
746,Customer_0746,customer_0746@example.com,2023-03-20,26.0,New York,8,645.03,2023-02-22,False
747,Customer_0747,customer_0747@example.com,2023-05-03,41.0,Houston,13,1364.64,2023-03-16,True
748,Customer_0748,customer_0748@example.com,2023-03-06,52.0,Phoenix,8,136.88,2023-05-12,True
749,Customer_0749,customer_0749@example.com,2023-08-31,66.0,Los Angeles,23,1501.88,2023-04-12,False
750,Customer_0750,customer_0750@example.com,2023-12-09,52.0,Chicago,43,3877.05,2023-03-30,True
751,Customer_0751,customer_0751@example.com,2023-02-28,65.0,New York,1,2613.9,2023-11-05,False
752,Customer_0752,customer_0752@example.com,2023-10-16,53.0,Chicago,45,1773.07,2023-03-20,False
753,Customer_0753,customer_0753@example.com,2023-04-22,35.0,Chicago,24,1890.11,2023-12-02,True
754,Customer_0754,customer_0754@example.com,2023-08-27,66.0,Houston,35,56.7,2023-02-08,False
755,Customer_0755,customer_0755@example.com,2023-12-25,56.0,Phoenix,24,1534.01,2023-04-01,True
756,Customer_0756,customer_0756@example.com,2023-05-12,,New York,17,3249.97,2023-11-18,True
757,Customer_0757,customer_0757@example.com,2023-07-08,41.0,Chicago,5,4872.26,2023-09-10,True
758,Customer_0758,customer_0758@example.com,2023-03-27,40.0,New York,20,4242.95,2023-08-26,True
759,Customer_0759,customer_0759@example.com,2023-11-07,79.0,Los Angeles,21,166.8,2023-10-16,True
760,  Customer_0760  ,customer_0760@example.com,2023-11-07,49.0,Houston,40,4497.87,2023-10-24,True
761,Customer_0761,customer_0761@example.com,2023-02-28,,Los Angeles,31,3926.83,2023-08-18,False
762,Customer_0762,customer_0762@example.com,2023-03-25,29.0,New York,46,3912.86,2023-12-15,False
763,Customer_0763,customer_0763@example.com,2023-06-09,66.0,New York,36,2317.08,2023-10-17,True
764,Customer_0764,customer_0764@example.com,2023-02-25,72.0,Phoenix,11,2020.13,2023-11-26,True
765,Customer_0765,customer_0765@example.com,2023-10-24,30.0,Chicago,15,1549.43,2023-11-22,False
766,Customer_0766,customer_0766@example.com,2023-01-14,40.0,Chicago,19,375.19,2023-11-16,True
767,Customer_0767,customer_0767@example.com,2023-06-09,42.0,Los Angeles,7,1179.77,2023-06-15,True
768,Customer_0768,customer_0768@example.com,2023-10-22,52.0,Houston,28,1270.69,2023-11-18,True
769,Customer_0769,customer_0769@example.com,2023-12-13,58.0,Chicago,43,2446.18,2023-06-11,True
770,Customer_0770,customer_0770@example.com,2023-07-12,47.0,Phoenix,5,3749.85,2023-03-19,True
771,Customer_0771,customer_0771@example.com,2023-07-23,34.0,Los Angeles,5,2395.36,2023-08-14,False
772,Customer_0772,customer_0772@example.com,2023-04-12,66.0,Los Angeles,30,336.33,2023-02-04,True
773,Customer_0773,customer_0773@example.com,2023-02-08,79.0,Phoenix,32,4791.06,2023-08-29,True
774,Customer_0774,customer_0774@example.com,2023-10-31,37.0,Houston,8,4716.49,2023-08-15,True
775,Customer_0775,customer_0775@example.com,2023-12-20,65.0,Phoenix,10,3936.69,2023-11-20,True
776,Customer_0776,customer_0776@example.com,2023-11-18,42.0,Houston,38,4957.07,2023-06-05,True
777,Customer_0777,customer_0777@example.com,2023-05-05,39.0,Phoenix,47,2745.19,2023-05-21,False
778,Customer_0778,customer_0778@example.com,2023-02-22,30.0,Phoenix,32,4815.7,2023-10-30,False
779,Customer_0779,customer_0779@example.com,2023-12-23,76.0,New York,48,424.24,2023-01-29,True
780,Customer_0780,customer_0780@example.com,2023-06-04,36.0,Los Angeles,28,1860.12,2023-06-30,False
781,Customer_0781,customer_0781@example.com,2023-12-17,66.0,Phoenix,17,1165.64,2023-09-17,False
782,Customer_0782,customer_0782@example.com,2023-11-04,53.0,Phoenix,31,1019.37,2023-02-07,False
783,Customer_0783,customer_0783@example.com,2023-03-03,29.0,Chicago,8,746.97,2023-06-08,True
784,Customer_0784,customer_0784@example.com,2023-10-17,78.0,Los Angeles,40,3130.95,2023-08-25,True
785,Customer_0785,customer_0785@example.com,2023-01-22,58.0,Chicago,25,3917.54,2023-08-20,True
786,  Customer_0786  ,customer_0786@example.com,2023-06-27,36.0,Los Angeles,9,2912.58,2023-01-20,True
787,  Customer_0787  ,customer_0787@example.com,2023-09-30,29.0,Chicago,2,777.47,2023-01-30,True
788,Customer_0788,customer_0788@example.com,2023-08-08,26.0,Phoenix,15,4065.06,2023-07-08,True
789,Customer_0789,customer_0789@example.com,2023-12-05,24.0,Phoenix,3,3197.98,2023-05-27,False
790,Customer_0790,customer_0790@example.com,2023-07-09,45.0,New York,49,1971.42,2023-02-09,False
791,Customer_0791,customer_0791@example.com,2023-02-05,31.0,Chicago,36,3386.94,2023-11-27,False
792,Customer_0792,customer_0792@example.com,2023-09-17,48.0,Houston,4,1336.53,2023-02-16,True
793,Customer_0793,customer_0793@example.com,2023-11-28,69.0,New York,14,1758.7,2023-11-11,True
794,Customer_0794,customer_0794@example.com,2023-06-24,36.0,Chicago,41,4591.55,2023-11-01,True
795,Customer_0795,customer_0795@example.com,2023-01-07,75.0,Chicago,41,1488.0,2023-09-17,True
796,Customer_0796,customer_0796@example.com,2023-08-04,64.0,New York,25,2376.44,2023-07-16,True
797,Customer_0797,customer_0797@example.com,2023-09-08,33.0,Phoenix,10,4456.2,2023-08-25,True
798,Customer_0798,customer_0798@example.com,2023-02-24,70.0,Chicago,21,3553.22,2023-10-25,True
799,Customer_0799,customer_0799@example.com,2023-08-10,22.0,Phoenix,36,357.91,2023-10-11,False
800,Customer_0800,customer_0800@example.com,2023-07-05,52.0,New York,12,779.15,2023-01-22,True
801,Customer_0801,customer_0801@example.com,2023-11-22,29.0,Phoenix,27,88.82,2023-08-19,False
802,Customer_0802,customer_0802@example.com,2023-08-24,42.0,Los Angeles,40,3173.06,2023-10-20,True
803,  Customer_0803  ,customer_0803@example.com,2023-12-29,,Houston,2,2265.98,2023-11-30,True
804,Customer_0804,customer_0804@example.com,2023-03-20,76.0,Chicago,13,714.66,2023-04-07,True
805,Customer_0805,customer_0805@example.com,2023-08-11,38.0,Houston,32,4791.77,2023-06-14,True
806,Customer_0806,customer_0806@example.com,2023-04-01,53.0,Phoenix,31,2671.82,2023-11-06,True
807,Customer_0807,customer_0807@example.com,2023-09-25,70.0,Chicago,16,1247.37,2023-09-01,True
808,Customer_0808,customer_0808@example.com,2023-11-30,40.0,Phoenix,32,2527.99,2023-09-14,True
809,Customer_0809,customer_0809@example.com,2023-05-19,33.0,Los Angeles,32,3414.12,2023-03-19,True
810,Customer_0810,customer_0810@example.com,2023-11-12,74.0,New York,34,427.38,2023-02-01,True
811,Customer_0811,customer_0811@example.com,2023-10-03,56.0,Chicago,11,1409.78,2023-08-19,False
812,Customer_0812,customer_0812@example.com,2023-09-05,62.0,Los Angeles,10,4044.48,2023-02-22,True
813,Customer_0813,customer_0813@example.com,2023-08-27,70.0,Los Angeles,15,2325.34,2023-06-25,False
814,Customer_0814,customer_0814@example.com,2023-08-12,59.0,Chicago,17,2755.56,2024-01-01,True
815,Customer_0815,customer_0815@example.com,2023-10-31,75.0,Phoenix,40,2192.44,2023-02-13,False
816,Customer_0816,customer_0816@example.com,2023-05-18,56.0,Los Angeles,18,267.3,2023-09-16,False
817,Customer_0817,customer_0817@example.com,2023-06-15,31.0,Houston,9,870.46,2023-11-27,True
818,Customer_0818,customer_0818@example.com,2023-05-06,48.0,Los Angeles,25,2255.43,2023-03-30,True
819,Customer_0819,customer_0819@example.com,2023-02-14,75.0,Phoenix,40,1085.47,2023-01-21,False
820,Customer_0820,customer_0820@example.com,2023-05-23,22.0,Phoenix,14,297.4,2023-05-07,True
821,Customer_0821,customer_0821@example.com,2023-08-19,52.0,Houston,25,4226.07,2023-12-29,True
822,Customer_0822,customer_0822@example.com,2023-05-05,40.0,Los Angeles,22,4906.9,2023-08-13,True
823,Customer_0823,customer_0823@example.com,2023-08-26,46.0,Phoenix,30,3976.06,2023-08-13,False
824,Customer_0824,customer_0824@example.com,2023-10-19,60.0,Chicago,20,4276.24,2023-09-26,False
825,Customer_0825,customer_0825@example.com,2023-11-09,28.0,New York,21,1247.79,2023-09-25,True
826,Customer_0826,customer_0826@example.com,2023-12-09,35.0,New York,44,4805.1,2023-11-09,True
827,Customer_0827,customer_0827@example.com,2023-07-14,64.0,New York,32,1024.78,2023-03-23,True
828,Customer_0828,customer_0828@example.com,2023-06-22,29.0,Los Angeles,46,4759.58,2023-07-06,True
829,Customer_0829,customer_0829@example.com,2023-01-15,26.0,Houston,49,4974.36,2023-07-10,False
830,Customer_0830,customer_0830@example.com,2023-09-11,27.0,Phoenix,21,3573.03,2023-05-25,True
831,Customer_0831,customer_0831@example.com,2023-06-16,75.0,Chicago,35,4906.66,2023-07-18,True
832,Customer_0832,customer_0832@example.com,2023-04-04,61.0,Chicago,32,2869.22,2023-07-29,True
833,Customer_0833,customer_0833@example.com,2023-09-07,34.0,Los Angeles,30,1334.73,2023-06-23,False
834,Customer_0834,customer_0834@example.com,2023-04-19,78.0,New York,39,2213.13,2023-12-14,True
835,Customer_0835,customer_0835@example.com,2023-07-01,55.0,Los Angeles,49,2988.13,2023-11-03,True
836,Customer_0836,customer_0836@example.com,2023-05-13,24.0,Houston,12,411.75,2023-01-27,True
837,Customer_0837,customer_0837@example.com,2023-06-24,63.0,Houston,41,3130.6,2023-11-20,True
838,Customer_0838,customer_0838@example.com,2023-05-24,30.0,Phoenix,47,4906.83,2023-11-28,True
839,Customer_0839,customer_0839@example.com,2023-11-02,57.0,Phoenix,18,991.03,2023-06-21,True
840,Customer_0840,customer_0840@example.com,2023-12-26,59.0,Houston,21,3973.35,2023-02-03,True
841,Customer_0841,customer_0841@example.com,2023-05-22,26.0,Houston,13,4544.1,2023-06-18,False
842,  Customer_0842  ,customer_0842@example.com,2023-10-12,67.0,Houston,21,4721.32,2023-02-18,False
843,Customer_0843,customer_0843@example.com,2023-01-06,,Los Angeles,8,4802.67,2023-10-13,False
844,Customer_0844,customer_0844@example.com,2023-09-22,75.0,Houston,46,2631.23,2023-12-14,True
845,Customer_0845,customer_0845@example.com,2023-04-08,19.0,Chicago,40,4887.67,2023-07-17,False
846,Customer_0846,customer_0846@example.com,2023-02-13,22.0,New York,46,3798.69,2023-05-26,True
847,  Customer_0847  ,customer_0847@example.com,2023-05-04,46.0,Houston,7,850.27,2023-05-10,True
848,Customer_0848,customer_0848@example.com,2023-07-28,54.0,New York,23,2410.66,2023-12-03,True
849,Customer_0849,customer_0849@example.com,2023-09-08,55.0,Los Angeles,44,3605.74,2023-11-05,True
850,Customer_0850,customer_0850@example.com,2023-10-12,36.0,New York,32,1274.33,2023-03-18,True
851,Customer_0851,customer_0851@example.com,2023-05-04,25.0,Los Angeles,11,3221.05,2023-06-20,True
852,Customer_0852,customer_0852@example.com,2023-12-20,,Chicago,22,3349.67,2023-02-11,True
853,Customer_0853,customer_0853@example.com,2023-09-01,62.0,Los Angeles,22,855.36,2023-10-26,True
854,Customer_0854,customer_0854@example.com,2023-11-27,18.0,Los Angeles,43,2847.17,2023-12-06,True
855,Customer_0855,customer_0855@example.com,2023-12-31,39.0,Phoenix,25,3869.55,2023-03-14,True
856,Customer_0856,customer_0856@example.com,2023-09-09,69.0,Houston,22,2519.53,2023-06-29,True
857,Customer_0857,customer_0857@example.com,2023-08-18,34.0,Houston,28,109.91,2023-06-08,False
858,Customer_0858,customer_0858@example.com,2023-01-09,24.0,Chicago,29,94.74,2023-12-02,False
859,Customer_0859,customer_0859@example.com,2023-02-17,42.0,Chicago,13,1817.3,2023-12-24,True
860,  Customer_0860  ,customer_0860@example.com,2023-05-31,,Houston,18,4634.66,2023-12-06,True
861,Customer_0861,customer_0861@example.com,2023-04-24,21.0,Phoenix,2,1181.95,2023-07-20,True
862,Customer_0862,customer_0862@example.com,2023-07-27,53.0,Houston,29,3190.1,2023-03-08,False
863,Customer_0863,customer_0863@example.com,2023-12-21,23.0,Phoenix,21,1149.28,2023-11-01,True
864,Customer_0864,customer_0864@example.com,2023-05-05,77.0,Chicago,15,1642.27,2023-12-29,True
865,Customer_0865,customer_0865@example.com,2023-06-06,48.0,New York,27,4247.81,2023-02-13,True
866,Customer_0866,customer_0866@example.com,2023-12-06,36.0,Chicago,31,3657.86,2023-06-08,True
867,  Customer_0867  ,customer_0867@example.com,2023-10-25,78.0,Chicago,15,522.23,2023-10-14,True
868,Customer_0868,customer_0868@example.com,2023-07-08,61.0,Los Angeles,23,2172.08,2023-07-12,False
869,Customer_0869,customer_0869@example.com,2023-08-31,71.0,Los Angeles,24,194.39,2023-11-26,True
870,Customer_0870,customer_0870@example.com,2023-10-11,56.0,Los Angeles,44,2430.41,2023-06-18,True
871,Customer_0871,customer_0871@example.com,2023-09-29,44.0,Los Angeles,13,3329.05,2023-03-07,False
872,Customer_0872,customer_0872@example.com,2023-06-26,27.0,Phoenix,22,636.59,2023-12-10,False
873,Customer_0873,customer_0873@example.com,2023-08-06,43.0,Houston,43,1479.98,2023-12-26,True
874,Customer_0874,customer_0874@example.com,2023-10-09,,New York,37,2019.29,2023-12-17,True
875,  Customer_0875  ,customer_0875@example.com,2023-06-19,56.0,Chicago,33,4601.68,2023-09-27,True
876,Customer_0876,customer_0876@example.com,2023-06-30,,Phoenix,3,4966.61,2023-02-17,False
877,Customer_0877,customer_0877@example.com,2023-12-26,,New York,19,272.31,2023-11-27,True
878,Customer_0878,customer_0878@example.com,2023-08-21,62.0,Phoenix,23,3816.99,2023-12-10,False
879,Customer_0879,customer_0879@example.com,2023-05-19,30.0,Phoenix,29,1890.03,2023-08-05,True
880,Customer_0880,customer_0880@example.com,2023-06-06,67.0,Chicago,30,1992.67,2023-09-18,True
881,Customer_0881,customer_0881@example.com,2023-05-09,45.0,Houston,39,3783.61,2023-07-05,True
882,Customer_0882,customer_0882@example.com,2023-04-29,79.0,Los Angeles,44,4596.21,2023-01-10,True
883,Customer_0883,customer_0883@example.com,2023-03-03,75.0,Houston,47,4757.1,2023-07-05,True
884,Customer_0884,customer_0884@example.com,2023-04-09,37.0,Chicago,25,2906.76,2023-06-08,True
885,Customer_0885,customer_0885@example.com,2023-06-11,45.0,Chicago,37,1817.75,2023-04-03,True
886,Customer_0886,customer_0886@example.com,2023-03-03,25.0,Chicago,47,3948.37,2023-04-20,False
887,Customer_0887,customer_0887@example.com,2023-10-02,78.0,New York,8,1292.46,2023-06-24,True
888,Customer_0888,customer_0888@example.com,2023-12-20,58.0,Houston,42,2842.17,2023-09-06,False
889,Customer_0889,customer_0889@example.com,2023-04-05,56.0,Houston,16,1824.96,2023-04-09,True
890,Customer_0890,customer_0890@example.com,2023-04-09,18.0,Phoenix,8,3300.32,2023-04-26,True
891,Customer_0891,customer_0891@example.com,2023-04-21,20.0,Phoenix,1,1239.97,2023-03-12,True
892,Customer_0892,customer_0892@example.com,2023-09-05,30.0,Phoenix,44,998.39,2023-03-21,True
893,  Customer_0893  ,customer_0893@example.com,2023-05-22,45.0,Chicago,5,4595.28,2023-02-09,False
894,Customer_0894,customer_0894@example.com,2023-10-29,79.0,Houston,3,553.93,2023-06-01,True
895,Customer_0895,customer_0895@example.com,2023-09-26,74.0,Chicago,1,2554.49,2023-02-21,True
896,Customer_0896,customer_0896@example.com,2023-11-02,77.0,New York,4,1143.22,2023-09-17,True
897,Customer_0897,customer_0897@example.com,2023-05-25,66.0,Phoenix,40,242.7,2023-10-04,True
898,Customer_0898,customer_0898@example.com,2023-02-21,42.0,Chicago,35,228.29,2023-09-27,True
899,Customer_0899,customer_0899@example.com,2023-04-10,73.0,Chicago,32,917.35,2023-01-20,False
900,Customer_0900,customer_0900@example.com,2023-06-01,50.0,New York,42,4340.51,2023-12-05,False
901,Customer_0901,customer_0901@example.com,2023-04-27,55.0,Los Angeles,34,1448.27,2023-06-22,True
902,Customer_0902,customer_0902@example.com,2023-07-04,70.0,Houston,43,4754.77,2023-11-13,True
903,Customer_0903,customer_0903@example.com,2023-04-02,23.0,Los Angeles,25,2929.03,2023-03-09,True
904,Customer_0904,customer_0904@example.com,2023-06-04,75.0,Phoenix,10,2211.24,2023-11-02,True
905,Customer_0905,customer_0905@example.com,2023-01-08,61.0,Chicago,21,2921.44,2023-07-12,True
906,Customer_0906,customer_0906@example.com,2023-12-29,62.0,New York,46,2607.66,2023-03-20,True
907,Customer_0907,customer_0907@example.com,2023-10-01,49.0,New York,39,3805.94,2023-03-25,True
908,Customer_0908,customer_0908@example.com,2023-03-06,,Houston,27,1448.36,2023-04-03,True
909,Customer_0909,customer_0909@example.com,2023-05-21,78.0,Los Angeles,27,1797.6,2023-12-21,True
910,Customer_0910,customer_0910@example.com,2023-01-24,64.0,Houston,2,4475.77,2023-11-16,True
911,Customer_0911,customer_0911@example.com,2023-01-28,38.0,Chicago,41,4734.96,2023-03-26,True
912,Customer_0912,customer_0912@example.com,2023-10-11,33.0,Houston,48,4468.16,2023-08-13,True
913,Customer_0913,customer_0913@example.com,2023-05-30,71.0,New York,13,2126.27,2023-01-23,False
914,Customer_0914,customer_0914@example.com,2023-12-24,38.0,New York,9,3912.81,2023-07-30,True
915,Customer_0915,customer_0915@example.com,2023-03-06,28.0,Phoenix,36,2407.86,2023-07-06,True
916,Customer_0916,customer_0916@example.com,2023-11-23,77.0,Phoenix,22,2512.82,2023-12-13,True
917,Customer_0917,customer_0917@example.com,2023-09-09,54.0,Chicago,42,1063.17,2023-05-02,False
918,Customer_0918,customer_0918@example.com,2023-02-22,53.0,Los Angeles,26,2976.1,2023-08-16,True
919,Customer_0919,customer_0919@example.com,2023-01-07,52.0,Houston,12,971.37,2023-11-09,True
920,Customer_0920,customer_0920@example.com,2023-10-21,36.0,Chicago,17,1691.25,2023-05-26,True
921,Customer_0921,customer_0921@example.com,2023-05-26,37.0,Phoenix,14,4282.4,2023-08-18,False
922,Customer_0922,customer_0922@example.com,2023-08-29,74.0,Houston,14,1075.03,2023-04-30,False
923,Customer_0923,customer_0923@example.com,2023-09-03,35.0,Phoenix,34,402.23,2023-10-01,True
924,Customer_0924,customer_0924@example.com,2023-08-14,64.0,Houston,20,391.59,2023-05-03,False
925,Customer_0925,customer_0925@example.com,2023-06-24,58.0,Los Angeles,11,4706.88,2023-06-08,False
926,Customer_0926,customer_0926@example.com,2023-04-05,66.0,Chicago,16,2559.26,2023-08-29,False
927,Customer_0927,customer_0927@example.com,2023-01-27,31.0,Houston,31,2076.59,2023-04-10,True
928,Customer_0928,customer_0928@example.com,2023-05-10,32.0,New York,6,4063.85,2023-07-08,True
929,Customer_0929,customer_0929@example.com,2023-09-02,48.0,New York,19,4187.34,2023-12-14,True
930,Customer_0930,customer_0930@example.com,2023-02-28,18.0,Houston,37,1694.35,2023-10-20,False
931,Customer_0931,customer_0931@example.com,2023-02-03,70.0,Houston,4,3483.41,2023-08-14,True
932,Customer_0932,customer_0932@example.com,2023-07-25,71.0,Houston,47,3867.06,2023-08-25,True
933,Customer_0933,customer_0933@example.com,2023-09-09,,New York,4,3290.52,2023-05-25,True
934,Customer_0934,customer_0934@example.com,2023-02-07,20.0,New York,20,800.4,2023-07-15,False
935,Customer_0935,customer_0935@example.com,2023-10-23,33.0,Houston,10,4385.62,2023-09-15,False
936,Customer_0936,customer_0936@example.com,2023-11-19,40.0,Phoenix,24,2718.52,2023-09-28,True
937,Customer_0937,customer_0937@example.com,2023-12-18,74.0,Phoenix,35,1448.24,2023-08-03,False
938,Customer_0938,customer_0938@example.com,2023-01-28,28.0,Los Angeles,26,2154.88,2023-03-24,True
939,Customer_0939,customer_0939@example.com,2023-03-19,29.0,Chicago,37,235.98,2023-04-13,False
940,Customer_0940,customer_0940@example.com,2023-03-18,27.0,Phoenix,38,682.94,2023-11-06,True
941,Customer_0941,customer_0941@example.com,2023-10-16,49.0,New York,21,3839.46,2023-03-12,True
942,Customer_0942,customer_0942@example.com,2023-06-05,33.0,Phoenix,40,50.06,2023-05-09,False
943,Customer_0943,customer_0943@example.com,2023-02-13,25.0,Los Angeles,39,2112.0,2023-01-27,True
944,Customer_0944,customer_0944@example.com,2023-05-08,55.0,Los Angeles,21,2636.43,2023-11-25,False
945,Customer_0945,customer_0945@example.com,2023-03-02,29.0,Chicago,10,320.44,2023-09-04,True
946,Customer_0946,customer_0946@example.com,2023-10-13,41.0,Phoenix,38,4866.74,2023-07-10,True
947,Customer_0947,customer_0947@example.com,2023-08-02,45.0,New York,46,1169.32,2023-10-11,True
948,Customer_0948,customer_0948@example.com,2023-11-07,70.0,New York,4,1555.78,2023-02-22,True
949,Customer_0949,customer_0949@example.com,2023-11-02,25.0,Houston,45,1554.52,2023-12-31,True
950,Customer_0950,customer_0950@example.com,2023-11-13,75.0,New York,20,1190.56,2023-09-22,True
951,  Customer_0951  ,customer_0951@example.com,2023-04-26,45.0,Chicago,17,57.3,2023-03-05,True
952,Customer_0952,customer_0952@example.com,2023-09-25,53.0,Chicago,7,3660.26,2023-05-26,True
953,Customer_0953,customer_0953@example.com,2023-07-14,43.0,New York,4,4835.89,2023-02-12,False
954,Customer_0954,customer_0954@example.com,2023-08-19,25.0,New York,29,1160.25,2023-03-24,False
955,Customer_0955,customer_0955@example.com,2023-08-15,75.0,Houston,14,3332.08,2023-05-20,True
956,Customer_0956,customer_0956@example.com,2023-06-02,77.0,New York,3,3722.39,2023-08-19,False
957,Customer_0957,customer_0957@example.com,2023-10-29,67.0,Houston,24,4249.71,2023-09-20,True
958,Customer_0958,customer_0958@example.com,2023-08-08,45.0,Houston,37,2142.01,2023-03-17,True
959,Customer_0959,customer_0959@example.com,2023-06-06,45.0,New York,16,1549.51,2023-08-12,False
960,Customer_0960,customer_0960@example.com,2023-10-19,54.0,Los Angeles,4,1660.21,2023-02-16,False
961,Customer_0961,customer_0961@example.com,2023-11-14,,Los Angeles,24,3577.48,2023-04-24,True
962,Customer_0962,customer_0962@example.com,2023-01-31,53.0,Houston,34,4093.06,2023-08-19,False
963,Customer_0963,customer_0963@example.com,2023-11-09,44.0,New York,30,948.99,2023-06-28,True
964,  Customer_0964  ,customer_0964@example.com,2023-02-20,71.0,Los Angeles,18,1886.16,2023-01-14,False
965,Customer_0965,customer_0965@example.com,2023-04-17,34.0,New York,19,4514.6,2023-08-01,True
966,Customer_0966,customer_0966@example.com,2023-11-17,26.0,New York,31,4043.13,2023-01-28,True
967,Customer_0967,customer_0967@example.com,2023-04-19,50.0,New York,19,4925.05,2023-07-22,True
968,Customer_0968,customer_0968@example.com,2023-05-16,70.0,Phoenix,49,3783.53,2023-09-15,True
969,Customer_0969,customer_0969@example.com,2023-12-05,37.0,New York,46,1996.32,2023-07-11,True
970,Customer_0970,customer_0970@example.com,2023-02-11,30.0,Phoenix,19,2973.66,2023-05-01,False
971,Customer_0971,customer_0971@example.com,2023-03-22,45.0,Houston,22,3322.02,2023-07-17,True
972,Customer_0972,customer_0972@example.com,2023-05-03,65.0,Los Angeles,24,438.36,2023-02-11,True
973,Customer_0973,customer_0973@example.com,2023-03-30,46.0,Los Angeles,45,2745.26,2023-07-11,True
974,Customer_0974,customer_0974@example.com,2023-10-10,30.0,Los Angeles,12,3561.14,2023-04-25,True
975,Customer_0975,customer_0975@example.com,2023-02-08,63.0,Los Angeles,30,878.24,2023-01-15,True
976,Customer_0976,customer_0976@example.com,2023-03-22,52.0,Los Angeles,38,3914.13,2023-06-13,True
977,Customer_0977,customer_0977@example.com,2023-01-02,78.0,Los Angeles,31,2939.68,2023-02-20,True
978,Customer_0978,customer_0978@example.com,2023-07-29,23.0,Los Angeles,36,4763.5,2024-01-01,True
979,Customer_0979,customer_0979@example.com,2023-08-19,35.0,Houston,19,259.99,2023-11-29,True
980,Customer_0980,customer_0980@example.com,2023-12-19,68.0,New York,48,1363.36,2023-06-21,False
981,Customer_0981,customer_0981@example.com,2023-11-01,22.0,Chicago,45,3027.69,2023-03-16,False
982,Customer_0982,customer_0982@example.com,2023-08-29,64.0,Phoenix,36,1517.97,2023-03-12,True
983,Customer_0983,customer_0983@example.com,2023-05-30,42.0,Chicago,30,3586.4,2023-01-20,True
984,Customer_0984,customer_0984@example.com,2023-01-17,19.0,Chicago,49,3807.08,2023-05-27,True
985,Customer_0985,customer_0985@example.com,2023-04-29,27.0,New York,33,557.45,2023-08-30,True
986,Customer_0986,customer_0986@example.com,2023-05-28,73.0,New York,18,2593.58,2023-12-23,True
987,Customer_0987,customer_0987@example.com,2023-12-28,47.0,New York,49,2569.01,2023-03-13,True
988,Customer_0988,customer_0988@example.com,2023-05-25,67.0,Los Angeles,28,1877.94,2023-12-28,True
989,Customer_0989,customer_0989@example.com,2023-12-26,76.0,Houston,47,4667.98,2023-08-29,True
990,Customer_0990,customer_0990@example.com,2023-08-21,62.0,Los Angeles,11,4146.16,2023-08-18,True
991,  Customer_0991  ,customer_0991@example.com,2023-02-06,22.0,Houston,45,3501.19,2023-11-12,False
992,Customer_0992,customer_0992@example.com,2023-12-18,72.0,Houston,33,3585.92,2023-01-03,False
993,Customer_0993,customer_0993@example.com,2023-04-30,73.0,Chicago,17,2335.49,2023-02-10,True
994,Customer_0994,customer_0994@example.com,2023-05-16,50.0,Chicago,6,4608.92,2023-01-10,True
995,  Customer_0995  ,customer_0995@example.com,2023-11-17,71.0,Houston,4,3488.25,2023-05-12,False
996,Customer_0996,customer_0996@example.com,2023-10-29,18.0,Houston,20,3658.46,2023-04-21,False
997,Customer_0997,customer_0997@example.com,2023-12-05,35.0,Los Angeles,48,4315.37,2023-03-18,True
998,Customer_0998,customer_0998@example.com,2023-04-12,49.0,Los Angeles,47,1406.65,2023-10-08,True
999,Customer_0999,customer_0999@example.com,2023-08-06,64.0,Chicago,27,4045.0,2023-11-08,True
1000,  Customer_1000  ,customer_1000@example.com,2023-02-28,66.0,New York,15,1016.44,2023-09-28,True
864,Customer_0864,customer_0864@example.com,2023-05-05,77.0,Chicago,15,1642.27,2023-12-29,True
556,Customer_0556,customer_0556@example.com,2023-07-27,66.0,New York,49,144.62,2023-02-17,True
227,Customer_0227,customer_0227@example.com,2023-04-28,61.0,Los Angeles,13,3842.02,2023-03-27,True
793,Customer_0793,customer_0793@example.com,2023-11-28,69.0,New York,14,1758.7,2023-11-11,True
315,Customer_0315,customer_0315@example.com,2023-04-22,23.0,Phoenix,36,3023.22,2023-11-18,False
679,Customer_0679,customer_0679@example.com,2023-07-14,41.0,New York,10,3527.58,2023-06-17,True
613,Customer_0613,customer_0613@example.com,2023-04-01,79.0,Los Angeles,32,2408.36,2023-01-04,False
918,Customer_0918,customer_0918@example.com,2023-02-22,53.0,Los Angeles,26,2976.1,2023-08-16,True
138,Customer_0138,customer_0138@example.com,2023-03-23,61.0,Phoenix,28,3999.68,2023-03-11,True
463,Customer_0463,customer_0463@example.com,2023-01-13,47.0,New York,32,2319.69,2023-12-05,True
416,Customer_0416,customer_0416@example.com,2023-11-21,21.0,Phoenix,10,1566.25,2023-04-22,False
277,Customer_0277,customer_0277@example.com,2023-03-13,20.0,New York,2,967.38,2023-05-09,False
607,Customer_0607,customer_0607@example.com,2023-12-02,75.0,Houston,25,1440.97,2023-04-03,True
170,Customer_0170,customer_0170@example.com,2023-06-02,39.0,Los Angeles,43,853.06,2023-01-23,False
600,Customer_0600,customer_0600@example.com,2023-04-10,70.0,Chicago,25,3982.85,2023-10-13,True
808,Customer_0808,customer_0808@example.com,2023-11-30,40.0,Phoenix,32,2527.99,2023-09-14,True
147,Customer_0147,customer_0147@example.com,2023-09-28,50.0,Los Angeles,37,4535.41,2023-06-02,True
916,Customer_0916,customer_0916@example.com,2023-11-23,77.0,Phoenix,22,2512.82,2023-12-13,True
217,Customer_0217,customer_0217@example.com,2023-09-22,19.0,Houston,41,3232.27,2023-12-17,False
685,Customer_0685,customer_0685@example.com,2023-08-03,49.0,Phoenix,21,1832.25,2023-03-08,True
